time,T_current,u_delayed,T_ambient,dT_dt
0.0,25.366,0.0,25.0,0.0
0.5002084201750729,24.944,0.0,25.0,0.0
1.0004168403501459,25.017,0.0,25.0,0.0
1.5006252605252188,24.644,0.0,25.0,0.0
2.0008336807002918,24.864,0.0,25.0,0.0
2.501042100875365,25.028,0.0,25.0,0.0
3.0012505210504377,24.712,0.0,25.0,0.0
3.5014589412255104,25.094,0.0,25.0,0.0
4.0016673614005835,30.719,80.0,25.0,11.7391
4.501875781575657,36.347,80.0,25.0,11.1011
5.00208420175073,41.519,80.0,25.0,10.4978
5.502292621925802,47.096,80.0,25.0,9.9273
6.002501042100875,51.323,80.0,25.0,9.3878
6.5027094622759485,55.501,80.0,25.0,8.8775
7.002917882451021,60.169,80.0,25.0,8.3951
7.503126302626094,63.627,80.0,25.0,7.9388
8.003334722801167,67.738,80.0,25.0,7.5074
8.50354314297624,70.746,80.0,25.0,7.0994
9.003751563151313,74.26,80.0,25.0,6.7135
9.503959983326386,77.816,80.0,25.0,6.3487
10.00416840350146,80.953,80.0,25.0,6.0036
10.504376823676532,83.65,80.0,25.0,5.6773
11.004585243851604,86.263,80.0,25.0,5.3688
11.504793664026678,88.755,80.0,25.0,5.077
12.00500208420175,90.861,80.0,25.0,4.8011
12.505210504376823,93.321,80.0,25.0,4.5401
13.005418924551897,95.532,80.0,25.0,4.2934
13.50562734472697,97.942,80.0,25.0,4.0601
14.005835764902042,99.683,80.0,25.0,3.8394
14.506044185077116,100.972,80.0,25.0,3.6307
15.006252605252188,103.21,80.0,25.0,3.4334
15.506461025427262,104.656,80.0,25.0,3.2468
16.006669445602334,106.119,80.0,25.0,3.0704
16.50687786577741,107.892,80.0,25.0,2.9035
17.00708628595248,109.37,80.0,25.0,2.7457
17.507294706127553,110.643,80.0,25.0,2.5965
18.007503126302627,111.429,80.0,25.0,2.4554
18.507711546477697,112.722,80.0,25.0,2.3219
19.00791996665277,113.98,80.0,25.0,2.1957
19.508128386827845,115.179,80.0,25.0,2.0764
20.00833680700292,115.797,80.0,25.0,1.9635
20.50854522717799,116.799,80.0,25.0,1.8568
21.008753647353064,117.447,80.0,25.0,1.7559
21.508962067528138,118.255,80.0,25.0,1.6605
22.00917048770321,119.542,80.0,25.0,1.5702
22.509378907878283,120.42,80.0,25.0,1.4849
23.009587328053357,120.765,80.0,25.0,1.4042
23.509795748228427,121.698,80.0,25.0,1.3279
24.0100041684035,122.166,80.0,25.0,1.2557
24.510212588578575,122.508,80.0,25.0,1.1875
25.010421008753646,123.321,80.0,25.0,1.1229
25.51062942892872,124.146,80.0,25.0,1.0619
26.010837849103794,124.255,80.0,25.0,1.0042
26.511046269278864,125.129,80.0,25.0,0.9496
27.01125468945394,124.532,80.0,25.0,0.898
27.511463109629013,125.817,80.0,25.0,0.8492
28.011671529804083,126.035,80.0,25.0,0.8031
28.511879949979157,126.318,80.0,25.0,0.7594
29.01208837015423,126.775,80.0,25.0,0.7181
29.512296790329305,126.595,80.0,25.0,0.6791
30.012505210504376,127.358,80.0,25.0,0.6422
30.51271363067945,127.806,80.0,25.0,0.6073
31.012922050854524,128.373,80.0,25.0,0.5743
31.513130471029594,128.146,80.0,25.0,0.5431
32.01333889120467,128.33,80.0,25.0,0.5136
32.51354731137974,128.649,80.0,25.0,0.4857
33.01375573155482,129.233,80.0,25.0,0.4593
33.51396415172989,129.304,80.0,25.0,0.4343
34.01417257190496,128.561,70.0,25.0,-1.0567
34.514380992080035,128.322,70.0,25.0,-0.9993
35.014589412255106,127.745,70.0,25.0,-0.945
35.514797832430176,127.516,70.0,25.0,-0.8936
36.015006252605254,126.676,70.0,25.0,-0.845
36.515214672780324,126.37,70.0,25.0,-0.7991
37.015423092955395,125.976,70.0,25.0,-0.7557
37.51563151313047,125.351,70.0,25.0,-0.7146
38.01583993330554,125.453,70.0,25.0,-0.6758
38.51604835348061,125.125,70.0,25.0,-0.639
39.01625677365569,124.759,70.0,25.0,-0.6043
39.51646519383076,124.413,70.0,25.0,-0.5715
40.01667361400584,123.848,70.0,25.0,-0.5404
40.51688203418091,123.841,70.0,25.0,-0.511
41.01709045435598,123.619,70.0,25.0,-0.4833
41.51729887453106,123.275,70.0,25.0,-0.457
42.01750729470613,123.22,70.0,25.0,-0.4322
42.5177157148812,123.157,70.0,25.0,-0.4087
43.017924135056276,123.334,70.0,25.0,-0.3865
43.51813255523135,122.723,70.0,25.0,-0.3655
44.01834097540642,122.571,70.0,25.0,-0.3456
44.518549395581495,122.325,70.0,25.0,-0.3268
45.018757815756565,121.709,70.0,25.0,-0.3091
45.518966235931636,122.036,70.0,25.0,-0.2923
46.01917465610671,121.92,70.0,25.0,-0.2764
46.519383076281784,122.39,70.0,25.0,-0.2614
47.019591496456854,121.602,70.0,25.0,-0.2472
47.51979991663193,121.609,70.0,25.0,-0.2337
48.020008336807,121.414,70.0,25.0,-0.221
48.52021675698207,121.026,70.0,25.0,-0.209
49.02042517715715,121.505,70.0,25.0,-0.1976
49.52063359733222,121.314,70.0,25.0,-0.1869
50.02084201750729,121.235,70.0,25.0,-0.1767
50.52105043768237,120.727,70.0,25.0,-0.1671
51.02125885785744,121.226,70.0,25.0,-0.1581
51.52146727803251,120.45,70.0,25.0,-0.1495
52.02167569820759,120.876,70.0,25.0,-0.1413
52.52188411838266,121.21,70.0,25.0,-0.1337
53.02209253855773,120.352,70.0,25.0,-0.1264
53.52230095873281,120.398,70.0,25.0,-0.1195
54.02250937890788,120.508,70.0,25.0,-0.113
54.52271779908295,120.304,70.0,25.0,-0.1069
55.022926219258025,119.992,70.0,25.0,-0.1011
55.523134639433096,120.349,70.0,25.0,-0.0956
56.023343059608166,120.021,70.0,25.0,-0.0904
56.523551479783244,120.362,70.0,25.0,-0.0855
57.023759899958314,119.973,70.0,25.0,-0.0808
57.52396832013339,120.553,70.0,25.0,-0.0764
58.02417674030846,119.933,70.0,25.0,-0.0723
58.52438516048353,120.014,70.0,25.0,-0.0684
59.02459358065861,120.266,70.0,25.0,-0.0646
59.52480200083368,119.724,70.0,25.0,-0.0611
60.02501042100875,120.06,70.0,25.0,-0.0578
60.52521884118383,120.302,70.0,25.0,-0.0547
61.0254272613589,119.548,70.0,25.0,-0.0517
61.52563568153397,119.971,70.0,25.0,-0.0489
62.02584410170905,119.967,70.0,25.0,-0.0462
62.52605252188412,120.076,70.0,25.0,-0.0437
63.02626094205919,119.55,70.0,25.0,-0.0413
63.526469362234266,119.51,70.0,25.0,-0.0391
64.02667778240934,121.786,95.0,25.0,3.6315
64.52688620258441,123.447,95.0,25.0,3.4341
65.02709462275948,125.059,95.0,25.0,3.2475
65.52730304293456,126.619,95.0,25.0,3.071
66.02751146310963,127.814,95.0,25.0,2.9041
66.5277198832847,129.415,95.0,25.0,2.7463
67.02792830345977,130.729,95.0,25.0,2.597
67.52813672363484,131.705,95.0,25.0,2.4559
68.02834514380991,133.511,95.0,25.0,2.3224
68.528553563985,134.262,95.0,25.0,2.1962
69.02876198416007,134.884,95.0,25.0,2.0768
69.52897040433514,136.328,95.0,25.0,1.964
70.02917882451021,136.848,95.0,25.0,1.8572
70.52938724468528,138.167,95.0,25.0,1.7563
71.02959566486035,139.09,95.0,25.0,1.6608
71.52980408503544,139.381,95.0,25.0,1.5706
72.03001250521051,140.569,95.0,25.0,1.4852
72.53022092538558,141.134,95.0,25.0,1.4045
73.03042934556065,141.9,95.0,25.0,1.3282
73.53063776573572,142.797,95.0,25.0,1.256
74.03084618591079,142.855,95.0,25.0,1.1877
74.53105460608587,143.29,95.0,25.0,1.1232
75.03126302626094,143.787,95.0,25.0,1.0621
75.53147144643602,144.308,95.0,25.0,1.0044
76.03167986661109,144.967,95.0,25.0,0.9498
76.53188828678616,145.521,95.0,25.0,0.8982
77.03209670696123,145.93,95.0,25.0,0.8494
77.53230512713631,146.469,95.0,25.0,0.8032
78.03251354731138,146.645,95.0,25.0,0.7596
78.53272196748645,147.364,95.0,25.0,0.7183
79.03293038766152,147.274,95.0,25.0,0.6793
79.5331388078366,148.342,95.0,25.0,0.6423
80.03334722801168,148.122,95.0,25.0,0.6074
80.53355564818675,148.038,95.0,25.0,0.5744
81.03376406836182,148.256,95.0,25.0,0.5432
81.53397248853689,148.902,95.0,25.0,0.5137
82.03418090871196,148.968,95.0,25.0,0.4858
82.53438932888703,149.432,95.0,25.0,0.4594
83.03459774906212,149.589,95.0,25.0,0.4344
83.53480616923719,149.658,95.0,25.0,0.4108
84.03501458941226,149.659,95.0,25.0,0.3885
84.53522300958733,149.675,95.0,25.0,0.3673
85.0354314297624,150.116,95.0,25.0,0.3474
85.53563984993747,150.606,95.0,25.0,0.3285
86.03584827011255,150.601,95.0,25.0,0.3106
86.53605669028762,150.383,95.0,25.0,0.2938
87.0362651104627,150.876,95.0,25.0,0.2778
87.53647353063776,151.061,95.0,25.0,0.2627
88.03668195081283,150.868,95.0,25.0,0.2484
88.5368903709879,151.245,95.0,25.0,0.2349
89.03709879116299,151.332,95.0,25.0,0.2222
89.53730721133806,151.137,95.0,25.0,0.2101
90.03751563151313,151.611,95.0,25.0,0.1987
90.5377240516882,151.756,95.0,25.0,0.1879
91.03793247186327,151.975,95.0,25.0,0.1777
91.53814089203834,152.052,95.0,25.0,0.168
92.03834931221343,151.523,95.0,25.0,0.1589
92.5385577323885,151.708,95.0,25.0,0.1502
93.03876615256357,152.143,95.0,25.0,0.1421
93.53897457273864,152.21,95.0,25.0,0.1344
94.03918299291371,151.173,80.0,25.0,-2.074
94.53939141308878,151.027,80.0,25.0,-1.9613
95.03959983326386,149.279,80.0,25.0,-1.8547
95.53980825343893,148.543,80.0,25.0,-1.7539
96.040016673614,147.668,80.0,25.0,-1.6586
96.54022509378908,146.808,80.0,25.0,-1.5685
97.04043351396415,145.825,80.0,25.0,-1.4832
97.54064193413923,145.392,80.0,25.0,-1.4026
98.0408503543143,144.346,80.0,25.0,-1.3264
98.54105877448937,143.853,80.0,25.0,-1.2543
99.04126719466444,143.198,80.0,25.0,-1.1861
99.54147561483951,142.779,80.0,25.0,-1.1217
100.04168403501458,142.807,80.0,25.0,-1.0607
100.54189245518967,141.26,80.0,25.0,-1.0031
101.04210087536474,141.424,80.0,25.0,-0.9485
101.54230929553981,140.401,80.0,25.0,-0.897
102.04251771571488,140.262,80.0,25.0,-0.8482
102.54272613588995,140.251,80.0,25.0,-0.8021
103.04293455606502,139.615,80.0,25.0,-0.7585
103.5431429762401,138.971,80.0,25.0,-0.7173
104.04335139641518,138.723,80.0,25.0,-0.6783
104.54355981659025,138.751,80.0,25.0,-0.6415
105.04376823676532,138.095,80.0,25.0,-0.6066
105.54397665694039,138.045,80.0,25.0,-0.5736
106.04418507711546,137.731,80.0,25.0,-0.5425
106.54439349729054,137.3,80.0,25.0,-0.513
107.04460191746561,137.756,80.0,25.0,-0.4851
107.54481033764068,137.15,80.0,25.0,-0.4587
108.04501875781575,136.268,80.0,25.0,-0.4338
108.54522717799082,136.616,80.0,25.0,-0.4102
109.0454355981659,136.21,80.0,25.0,-0.3879
109.54564401834098,136.405,80.0,25.0,-0.3669
110.04585243851605,135.82,80.0,25.0,-0.3469
110.54606085869112,135.825,80.0,25.0,-0.3281
111.04626927886619,135.825,80.0,25.0,-0.3102
111.54647769904126,135.769,80.0,25.0,-0.2934
112.04668611921633,135.114,80.0,25.0,-0.2774
112.54689453939142,135.199,80.0,25.0,-0.2623
113.04710295956649,135.04,80.0,25.0,-0.2481
113.54731137974156,134.878,80.0,25.0,-0.2346
114.04751979991663,135.372,80.0,25.0,-0.2219
114.5477282200917,134.927,80.0,25.0,-0.2098
115.04793664026678,134.411,80.0,25.0,-0.1984
115.54814506044185,134.862,80.0,25.0,-0.1876
116.04835348061692,135.074,80.0,25.0,-0.1774
116.548561900792,134.718,80.0,25.0,-0.1678
117.04877032096707,134.0,80.0,25.0,-0.1587
117.54897874114214,134.184,80.0,25.0,-0.15
118.04918716131722,134.551,80.0,25.0,-0.1419
118.54939558149229,133.99,80.0,25.0,-0.1342
119.04960400166736,134.215,80.0,25.0,-0.1269
119.54981242184243,134.238,80.0,25.0,-0.12
120.0500208420175,133.755,80.0,25.0,-0.1135
120.55022926219257,133.919,80.0,25.0,-0.1073
121.05043768236766,133.072,80.0,25.0,-0.1015
121.55064610254273,133.579,80.0,25.0,-0.096
122.0508545227178,133.726,80.0,25.0,-0.0907
122.55106294289287,133.435,80.0,25.0,-0.0858
123.05127136306794,134.114,80.0,25.0,-0.0811
123.55147978324301,133.31,80.0,25.0,-0.0767
124.0516882034181,130.953,45.0,25.0,-5.2084
124.55189662359317,128.633,45.0,25.0,-4.9254
125.05210504376824,126.632,45.0,25.0,-4.6577
125.5523134639433,123.711,45.0,25.0,-4.4045
126.05252188411838,122.278,45.0,25.0,-4.1652
126.55273030429345,120.02,45.0,25.0,-3.9388
127.05293872446853,117.91,45.0,25.0,-3.7247
127.5531471446436,116.51,45.0,25.0,-3.5223
128.05335556481867,114.778,45.0,25.0,-3.3309
128.55356398499376,113.004,45.0,25.0,-3.1498
129.05377240516881,111.682,45.0,25.0,-2.9787
129.5539808253439,110.16,45.0,25.0,-2.8168
130.05418924551896,108.952,45.0,25.0,-2.6637
130.55439766569404,107.83,45.0,25.0,-2.5189
131.05460608586912,106.87,45.0,25.0,-2.382
131.55481450604418,105.038,45.0,25.0,-2.2526
132.05502292621927,104.816,45.0,25.0,-2.1301
132.55523134639432,102.787,45.0,25.0,-2.0144
133.0554397665694,102.285,45.0,25.0,-1.9049
133.55564818674446,101.569,45.0,25.0,-1.8014
134.05585660691955,100.64,45.0,25.0,-1.7035
134.55606502709463,99.609,45.0,25.0,-1.6109
135.0562734472697,98.951,45.0,25.0,-1.5233
135.55648186744477,98.16,45.0,25.0,-1.4406
136.05669028761983,97.454,45.0,25.0,-1.3623
136.55689870779491,97.17,45.0,25.0,-1.2882
137.05710712797,96.438,45.0,25.0,-1.2182
137.55731554814506,95.599,45.0,25.0,-1.152
138.05752396832014,95.453,45.0,25.0,-1.0894
138.5577323884952,94.789,45.0,25.0,-1.0302
139.05794080867028,94.429,45.0,25.0,-0.9742
139.55814922884534,93.922,45.0,25.0,-0.9213
140.05835764902042,93.122,45.0,25.0,-0.8712
140.5585660691955,92.777,45.0,25.0,-0.8238
141.05877448937056,92.715,45.0,25.0,-0.7791
141.55898290954565,92.312,45.0,25.0,-0.7367
142.0591913297207,91.806,45.0,25.0,-0.6967
142.5593997498958,91.511,45.0,25.0,-0.6588
143.05960817007087,91.49,45.0,25.0,-0.623
143.55981659024593,90.728,45.0,25.0,-0.5892
144.06002501042101,90.734,45.0,25.0,-0.5571
144.56023343059607,90.283,45.0,25.0,-0.5269
145.06044185077116,90.03,45.0,25.0,-0.4982
145.56065027094624,90.124,45.0,25.0,-0.4711
146.0608586911213,89.833,45.0,25.0,-0.4455
146.56106711129638,89.619,45.0,25.0,-0.4213
147.06127553147144,89.543,45.0,25.0,-0.3984
147.56148395164652,89.033,45.0,25.0,-0.3768
148.06169237182158,89.02,45.0,25.0,-0.3563
148.56190079199666,88.604,45.0,25.0,-0.3369
149.06210921217175,88.603,45.0,25.0,-0.3186
149.5623176323468,88.339,45.0,25.0,-0.3013
150.0625260525219,88.253,45.0,25.0,-0.2849
150.56273447269695,88.243,45.0,25.0,-0.2694
151.06294289287203,87.762,45.0,25.0,-0.2548
151.56315131304711,88.369,45.0,25.0,-0.241
152.06335973322217,87.481,45.0,25.0,-0.2279
152.56356815339726,87.321,45.0,25.0,-0.2155
153.0637765735723,87.812,45.0,25.0,-0.2038
153.5639849937474,87.624,45.0,25.0,-0.1927
154.06419341392245,91.16,95.0,25.0,7.1547
154.56440183409754,94.544,95.0,25.0,6.7659
155.06461025427262,97.583,95.0,25.0,6.3982
155.56481867444768,100.387,95.0,25.0,6.0505
156.06502709462276,103.491,95.0,25.0,5.7216
156.56523551479782,106.008,95.0,25.0,5.4107
157.0654439349729,108.979,95.0,25.0,5.1166
157.565652355148,111.118,95.0,25.0,4.8385
158.06586077532305,113.236,95.0,25.0,4.5756
158.56606919549813,115.526,95.0,25.0,4.3269
159.0662776156732,117.755,95.0,25.0,4.0917
159.56648603584827,119.446,95.0,25.0,3.8694
160.06669445602336,121.211,95.0,25.0,3.6591
160.5669028761984,123.207,95.0,25.0,3.4602
161.0671112963735,124.844,95.0,25.0,3.2722
161.56731971654855,126.203,95.0,25.0,3.0943
162.06752813672364,127.675,95.0,25.0,2.9261
162.5677365568987,129.234,95.0,25.0,2.7671
163.06794497707378,130.122,95.0,25.0,2.6167
163.56815339724886,131.37,95.0,25.0,2.4745
164.06836181742392,132.712,95.0,25.0,2.34
164.568570237599,133.945,95.0,25.0,2.2129
165.06877865777406,135.122,95.0,25.0,2.0926
165.56898707794915,136.403,95.0,25.0,1.9789
166.06919549812423,137.184,95.0,25.0,1.8713
166.5694039182993,137.814,95.0,25.0,1.7696
167.06961233847437,138.686,95.0,25.0,1.6734
167.56982075864943,139.232,95.0,25.0,1.5825
168.0700291788245,140.226,95.0,25.0,1.4965
168.57023759899957,140.866,95.0,25.0,1.4152
169.07044601917465,141.688,95.0,25.0,1.3382
169.57065443934974,142.033,95.0,25.0,1.2655
170.0708628595248,142.968,95.0,25.0,1.1967
170.57107127969988,143.787,95.0,25.0,1.1317
171.07127969987494,143.912,95.0,25.0,1.0702
171.57148812005002,144.546,95.0,25.0,1.012
172.0716965402251,145.096,95.0,25.0,0.957
172.57190496040016,145.276,95.0,25.0,0.905
173.07211338057525,145.86,95.0,25.0,0.8558
173.5723218007503,146.212,95.0,25.0,0.8093
174.0725302209254,146.616,95.0,25.0,0.7653
174.57273864110044,146.76,95.0,25.0,0.7237
175.07294706127553,147.302,95.0,25.0,0.6844
175.5731554814506,147.744,95.0,25.0,0.6472
176.07336390162567,148.288,95.0,25.0,0.612
176.57357232180075,148.454,95.0,25.0,0.5788
177.0737807419758,149.027,95.0,25.0,0.5473
177.5739891621509,148.555,95.0,25.0,0.5176
178.07419758232598,149.21,95.0,25.0,0.4894
178.57440600250104,149.269,95.0,25.0,0.4628
179.07461442267612,149.99,95.0,25.0,0.4377
179.57482284285118,149.447,95.0,25.0,0.4139
180.07503126302626,149.635,95.0,25.0,0.3914
180.57523968320135,149.88,95.0,25.0,0.3701
181.0754481033764,149.674,95.0,25.0,0.35
181.5756565235515,150.239,95.0,25.0,0.331
182.07586494372654,150.337,95.0,25.0,0.313
182.57607336390163,150.712,95.0,25.0,0.296
183.07628178407668,150.9,95.0,25.0,0.2799
183.57649020425177,151.416,95.0,25.0,0.2647
184.07669862442685,151.31,95.0,25.0,0.2503
184.5769070446019,151.046,95.0,25.0,0.2367
185.077115464777,151.078,95.0,25.0,0.2238
185.57732388495205,151.531,95.0,25.0,0.2117
186.07753230512714,151.178,95.0,25.0,0.2002
186.57774072530222,152.061,95.0,25.0,0.1893
187.07794914547728,151.988,95.0,25.0,0.179
187.57815756565236,151.66,95.0,25.0,0.1693
188.07836598582742,151.429,95.0,25.0,0.1601
188.5785744060025,152.271,95.0,25.0,0.1514
189.07878282617756,151.976,95.0,25.0,0.1432
189.57899124635264,152.382,95.0,25.0,0.1354
190.07919966652773,151.738,95.0,25.0,0.128
190.57940808670278,152.047,95.0,25.0,0.1211
191.07961650687787,152.255,95.0,25.0,0.1145
191.57982492705293,152.32,95.0,25.0,0.1083
192.080033347228,152.247,95.0,25.0,0.1024
192.5802417674031,152.563,95.0,25.0,0.0968
193.08045018757815,152.187,95.0,25.0,0.0915
193.58065860775324,152.461,95.0,25.0,0.0866
194.0808670279283,152.568,95.0,25.0,0.0819
194.58107544810338,152.705,95.0,25.0,0.0774
195.08128386827846,152.791,95.0,25.0,0.0732
195.58149228845352,152.367,95.0,25.0,0.0692
196.0817007086286,152.297,95.0,25.0,0.0655
196.58190912880366,153.031,95.0,25.0,0.0619
197.08211754897874,152.824,95.0,25.0,0.0585
197.5823259691538,152.581,95.0,25.0,0.0554
198.08253438932888,153.182,95.0,25.0,0.0524
198.58274280950397,152.848,95.0,25.0,0.0495
199.08295122967903,153.137,95.0,25.0,0.0468
199.5831596498541,152.882,95.0,25.0,0.0443
200.08336807002917,153.401,95.0,25.0,0.0419
200.58357649020425,153.344,95.0,25.0,0.0396
201.08378491037934,152.862,95.0,25.0,0.0374
201.5839933305544,153.185,95.0,25.0,0.0354
202.08420175072948,153.12,95.0,25.0,0.0335
202.58441017090453,153.317,95.0,25.0,0.0317
203.08461859107962,152.748,95.0,25.0,0.0299
203.58482701125467,153.175,95.0,25.0,0.0283
204.08503543142976,153.282,95.0,25.0,0.0268
204.58524385160484,152.59,95.0,25.0,0.0253
205.0854522717799,152.746,95.0,25.0,0.0239
205.58566069195498,152.543,95.0,25.0,0.0226
206.08586911213004,152.996,95.0,25.0,0.0214
206.58607753230513,153.253,95.0,25.0,0.0202
207.0862859524802,153.459,95.0,25.0,0.0191
207.58649437265527,153.111,95.0,25.0,0.0181
208.08670279283035,153.508,95.0,25.0,0.0171
208.5869112130054,152.764,95.0,25.0,0.0162
209.0871196331805,152.691,95.0,25.0,0.0153
209.58732805335558,153.11,95.0,25.0,0.0145
210.08753647353063,153.227,95.0,25.0,0.0137
210.58774489370572,153.129,95.0,25.0,0.0129
211.08795331388077,152.627,95.0,25.0,0.0122
211.58816173405586,153.127,95.0,25.0,0.0116
212.08837015423092,152.829,95.0,25.0,0.011
212.588578574406,153.327,95.0,25.0,0.0104
213.08878699458108,153.256,95.0,25.0,0.0098
213.58899541475614,152.934,95.0,25.0,0.0093
214.08920383493123,151.945,80.0,25.0,-2.1923
214.58941225510628,150.772,80.0,25.0,-2.0732
215.08962067528137,150.041,80.0,25.0,-1.9605
215.58982909545645,149.368,80.0,25.0,-1.854
216.0900375156315,148.006,80.0,25.0,-1.7532
216.5902459358066,147.55,80.0,25.0,-1.6579
217.09045435598165,146.507,80.0,25.0,-1.5678
217.59066277615673,145.7,80.0,25.0,-1.4826
218.0908711963318,145.171,80.0,25.0,-1.402
218.59107961650687,144.276,80.0,25.0,-1.3258
219.09128803668196,143.769,80.0,25.0,-1.2538
219.59149645685702,143.016,80.0,25.0,-1.1856
220.0917048770321,143.246,80.0,25.0,-1.1212
220.59191329720716,142.233,80.0,25.0,-1.0603
221.09212171738224,141.548,80.0,25.0,-1.0026
221.59233013755733,141.302,80.0,25.0,-0.9482
222.09253855773238,140.773,80.0,25.0,-0.8966
222.59274697790747,140.321,80.0,25.0,-0.8479
223.09295539808252,140.129,80.0,25.0,-0.8018
223.5931638182576,139.786,80.0,25.0,-0.7582
224.09337223843266,139.105,80.0,25.0,-0.717
224.59358065860775,138.755,80.0,25.0,-0.6781
225.09378907878283,138.51,80.0,25.0,-0.6412
225.5939974989579,137.7,80.0,25.0,-0.6064
226.09420591913297,137.61,80.0,25.0,-0.5734
226.59441433930803,138.059,80.0,25.0,-0.5422
227.09462275948312,137.872,80.0,25.0,-0.5128
227.5948311796582,137.156,80.0,25.0,-0.4849
228.09503959983326,137.134,80.0,25.0,-0.4585
228.59524802000834,136.85,80.0,25.0,-0.4336
229.0954564401834,137.337,80.0,25.0,-0.4101
229.59566486035848,136.654,80.0,25.0,-0.3878
230.09587328053357,136.158,80.0,25.0,-0.3667
230.59608170070862,135.778,80.0,25.0,-0.3468
231.0962901208837,135.451,80.0,25.0,-0.3279
231.59649854105876,135.749,80.0,25.0,-0.3101
232.09670696123385,135.362,80.0,25.0,-0.2932
232.5969153814089,135.057,80.0,25.0,-0.2773
233.097123801584,135.12,80.0,25.0,-0.2622
233.59733222175907,134.887,80.0,25.0,-0.248
234.09754064193413,135.462,80.0,25.0,-0.2345
234.59774906210922,135.15,80.0,25.0,-0.2218
235.09795748228427,134.823,80.0,25.0,-0.2097
235.59816590245936,135.095,80.0,25.0,-0.1983
236.09837432263444,134.651,80.0,25.0,-0.1875
236.5985827428095,134.328,80.0,25.0,-0.1773
237.09879116298458,134.84,80.0,25.0,-0.1677
237.59899958315964,134.514,80.0,25.0,-0.1586
238.09920800333472,134.045,80.0,25.0,-0.15
238.59941642350978,134.186,80.0,25.0,-0.1418
239.09962484368486,133.948,80.0,25.0,-0.1341
239.59983326385995,133.758,80.0,25.0,-0.1268
240.100041684035,134.275,80.0,25.0,-0.1199
240.6002501042101,134.464,80.0,25.0,-0.1134
241.10045852438515,133.583,80.0,25.0,-0.1073
241.60066694456023,134.023,80.0,25.0,-0.1014
242.10087536473532,133.672,80.0,25.0,-0.0959
242.60108378491037,133.667,80.0,25.0,-0.0907
243.10129220508546,133.598,80.0,25.0,-0.0858
243.6015006252605,133.49,80.0,25.0,-0.0811
244.1017090454356,129.644,25.0,25.0,-8.1474
244.60191746561068,125.572,25.0,25.0,-7.7046
245.10212588578574,122.204,25.0,25.0,-7.2858
245.60233430596082,118.679,25.0,25.0,-6.8899
246.10254272613588,115.374,25.0,25.0,-6.5154
246.60275114631096,112.127,25.0,25.0,-6.1613
247.10295956648602,109.296,25.0,25.0,-5.8265
247.6031679866611,106.874,25.0,25.0,-5.5098
248.1033764068362,104.205,25.0,25.0,-5.2104
248.60358482701125,101.372,25.0,25.0,-4.9272
249.10379324718633,99.312,25.0,25.0,-4.6594
249.6040016673614,97.272,25.0,25.0,-4.4062
250.10421008753647,94.583,25.0,25.0,-4.1667
250.60441850771156,93.166,25.0,25.0,-3.9403
251.1046269278866,91.002,25.0,25.0,-3.7261
251.6048353480617,89.548,25.0,25.0,-3.5236
252.10504376823675,87.549,25.0,25.0,-3.3321
252.60525218841184,85.713,25.0,25.0,-3.151
253.1054606085869,84.267,25.0,25.0,-2.9798
253.60566902876198,83.277,25.0,25.0,-2.8178
254.10587744893706,81.998,25.0,25.0,-2.6647
254.60608586911212,80.447,25.0,25.0,-2.5199
255.1062942892872,79.641,25.0,25.0,-2.3829
255.60650270946226,77.939,25.0,25.0,-2.2534
256.10671112963735,77.273,25.0,25.0,-2.1309
256.6069195498124,75.979,25.0,25.0,-2.0151
257.1071279699875,75.166,25.0,25.0,-1.9056
257.6073363901626,74.44,25.0,25.0,-1.802
258.10754481033763,73.361,25.0,25.0,-1.7041
258.6077532305127,72.674,25.0,25.0,-1.6115
259.1079616506878,72.26,25.0,25.0,-1.5239
259.60817007086285,71.143,25.0,25.0,-1.4411
260.1083784910379,70.815,25.0,25.0,-1.3628
260.608586911213,69.679,25.0,25.0,-1.2887
261.1087953313881,69.485,25.0,25.0,-1.2187
261.60900375156314,69.137,25.0,25.0,-1.1524
262.10921217173825,67.613,25.0,25.0,-1.0898
262.6094205919133,67.517,25.0,25.0,-1.0306
263.10962901208836,67.373,25.0,25.0,-0.9746
263.6098374322634,66.717,25.0,25.0,-0.9216
264.11004585243853,66.425,25.0,25.0,-0.8715
264.6102542726136,65.769,25.0,25.0,-0.8241
265.11046269278864,65.552,25.0,25.0,-0.7794
265.61067111296376,65.123,25.0,25.0,-0.737
266.1108795331388,65.105,25.0,25.0,-0.6969
266.61108795331387,64.548,25.0,25.0,-0.6591
267.1112963734889,64.257,25.0,25.0,-0.6232
267.61150479366404,63.775,25.0,25.0,-0.5894
268.1117132138391,63.477,25.0,25.0,-0.5573
268.61192163401415,63.227,25.0,25.0,-0.5271
269.11213005418927,63.185,25.0,25.0,-0.4984
269.6123384743643,62.745,25.0,25.0,-0.4713
270.1125468945394,62.7,25.0,25.0,-0.4457
270.61275531471443,62.936,25.0,25.0,-0.4215
271.11296373488955,62.435,25.0,25.0,-0.3986
271.6131721550646,61.948,25.0,25.0,-0.3769
272.11338057523966,62.151,25.0,25.0,-0.3564
272.6135889954148,61.58,25.0,25.0,-0.3371
273.11379741558983,61.014,25.0,25.0,-0.3187
273.6140058357649,61.12,25.0,25.0,-0.3014
274.11421425594,62.23,45.0,25.0,2.6497
274.61442267611505,63.862,45.0,25.0,2.5057
275.1146310962901,65.139,45.0,25.0,2.3696
275.61483951646517,66.674,45.0,25.0,2.2408
276.1150479366403,67.396,45.0,25.0,2.119
276.61525635681534,68.262,45.0,25.0,2.0038
277.1154647769904,69.471,45.0,25.0,1.8949
277.6156731971655,69.607,45.0,25.0,1.7919
278.11588161734056,71.066,45.0,25.0,1.6946
278.6160900375156,72.001,45.0,25.0,1.6025
279.1162984576907,72.197,45.0,25.0,1.5154
279.6165068778658,73.569,45.0,25.0,1.433
280.11671529804084,74.045,45.0,25.0,1.3551
280.6169237182159,74.497,45.0,25.0,1.2815
281.117132138391,75.365,45.0,25.0,1.2118
281.61734055856607,76.348,45.0,25.0,1.146
282.1175489787411,76.367,45.0,25.0,1.0837
282.61775739891624,76.896,45.0,25.0,1.0248
283.1179658190913,77.204,45.0,25.0,0.9691
283.61817423926635,77.565,45.0,25.0,0.9164
284.1183826594414,78.418,45.0,25.0,0.8666
284.6185910796165,78.406,45.0,25.0,0.8195
285.1187994997916,79.025,45.0,25.0,0.775
285.61900791996663,79.255,45.0,25.0,0.7329
286.11921634014175,79.84,45.0,25.0,0.693
286.6194247603168,80.132,45.0,25.0,0.6554
287.11963318049186,80.618,45.0,25.0,0.6198
287.6198416006669,80.524,45.0,25.0,0.5861
288.12005002084203,80.861,45.0,25.0,0.5542
288.6202584410171,80.946,45.0,25.0,0.5241
289.12046686119214,81.327,45.0,25.0,0.4956
289.62067528136726,81.767,45.0,25.0,0.4687
290.1208837015423,82.083,45.0,25.0,0.4432
290.62109212171737,81.873,45.0,25.0,0.4191
291.1213005418925,82.519,45.0,25.0,0.3963
291.62150896206754,82.828,45.0,25.0,0.3748
292.1217173822426,82.77,45.0,25.0,0.3544
292.62192580241765,83.303,45.0,25.0,0.3352
293.12213422259276,82.799,45.0,25.0,0.317
293.6223426427678,82.831,45.0,25.0,0.2997
294.1225510629429,82.839,45.0,25.0,0.2834
294.622759483118,83.792,45.0,25.0,0.268
295.12296790329304,83.708,45.0,25.0,0.2535
295.6231763234681,83.651,45.0,25.0,0.2397
296.12338474364316,83.848,45.0,25.0,0.2267
296.62359316381827,83.604,45.0,25.0,0.2143
297.1238015839933,84.598,45.0,25.0,0.2027
297.6240100041684,84.115,45.0,25.0,0.1917
298.1242184243435,84.2,45.0,25.0,0.1813
298.62442684451855,84.44,45.0,25.0,0.1714
299.1246352646936,84.46,45.0,25.0,0.1621
299.62484368486867,84.472,45.0,25.0,0.1533
300.1250521050438,84.291,45.0,25.0,0.145
300.62526052521883,84.675,45.0,25.0,0.1371
301.1254689453939,85.093,45.0,25.0,0.1296
301.625677365569,85.02,45.0,25.0,0.1226
302.12588578574406,85.14,45.0,25.0,0.1159
302.6260942059191,84.668,45.0,25.0,0.1096
303.12630262609423,84.601,45.0,25.0,0.1037
303.6265110462693,84.866,45.0,25.0,0.098
304.12671946644434,87.525,80.0,25.0,5.2286
304.6269278866194,90.257,80.0,25.0,4.9444
305.1271363067945,91.898,80.0,25.0,4.6757
305.62734472696957,94.915,80.0,25.0,4.4216
306.1275531471446,96.583,80.0,25.0,4.1813
306.62776156731974,98.493,80.0,25.0,3.954
307.1279699874948,100.216,80.0,25.0,3.7391
307.62817840766985,101.824,80.0,25.0,3.5359
308.1283868278449,104.115,80.0,25.0,3.3438
308.62859524802,105.509,80.0,25.0,3.162
309.1288036681951,106.663,80.0,25.0,2.9902
309.62901208837013,108.076,80.0,25.0,2.8277
310.12922050854525,109.652,80.0,25.0,2.674
310.6294289287203,111.418,80.0,25.0,2.5287
311.12963734889536,112.131,80.0,25.0,2.3912
311.62984576907047,112.951,80.0,25.0,2.2613
312.1300541892455,114.335,80.0,25.0,2.1384
312.6302626094206,115.339,80.0,25.0,2.0222
313.13047102959564,115.689,80.0,25.0,1.9123
313.63067944977075,117.254,80.0,25.0,1.8083
314.1308878699458,118.065,80.0,25.0,1.7101
314.63109629012087,119.105,80.0,25.0,1.6171
315.131304710296,120.158,80.0,25.0,1.5292
315.63151313047103,120.7,80.0,25.0,1.4461
316.1317215506461,121.035,80.0,25.0,1.3675
316.63192997082115,121.472,80.0,25.0,1.2932
317.13213839099626,123.004,80.0,25.0,1.2229
317.6323468111713,122.954,80.0,25.0,1.1565
318.1325552313464,123.489,80.0,25.0,1.0936
318.6327636515215,123.997,80.0,25.0,1.0342
319.13297207169654,124.541,80.0,25.0,0.978
319.6331804918716,124.918,80.0,25.0,0.9248
320.1333889120467,125.248,80.0,25.0,0.8746
320.63359733222177,125.668,80.0,25.0,0.827
321.1338057523968,126.188,80.0,25.0,0.7821
321.6340141725719,126.43,80.0,25.0,0.7396
322.134222592747,126.737,80.0,25.0,0.6994
322.63443101292205,127.273,80.0,25.0,0.6614
323.1346394330971,127.495,80.0,25.0,0.6254
323.6348478532722,128.23,80.0,25.0,0.5914
324.1350562734473,127.471,80.0,25.0,0.5593
324.63526469362233,128.671,80.0,25.0,0.5289
325.1354731137974,128.96,80.0,25.0,0.5002
325.6356815339725,128.367,80.0,25.0,0.473
326.13588995414756,129.023,80.0,25.0,0.4473
326.6360983743226,129.227,80.0,25.0,0.423
327.1363067944977,129.168,80.0,25.0,0.4
327.6365152146728,129.515,80.0,25.0,0.3782
328.13672363484784,129.611,80.0,25.0,0.3577
328.6369320550229,130.495,80.0,25.0,0.3382
329.137140475198,130.451,80.0,25.0,0.3199
329.63734889537307,130.686,80.0,25.0,0.3025
330.1375573155481,130.692,80.0,25.0,0.286
330.63776573572324,130.364,80.0,25.0,0.2705
331.1379741558983,130.644,80.0,25.0,0.2558
331.63818257607335,131.018,80.0,25.0,0.2419
332.13839099624846,130.704,80.0,25.0,0.2287
332.6385994164235,131.296,80.0,25.0,0.2163
333.1388078365986,131.16,80.0,25.0,0.2046
333.63901625677363,131.223,80.0,25.0,0.1934
334.13922467694874,129.018,45.0,25.0,-4.9529
334.6394330971238,126.61,45.0,25.0,-4.6838
335.13964151729886,124.194,45.0,25.0,-4.4292
335.63984993747397,122.48,45.0,25.0,-4.1885
336.140058357649,119.939,45.0,25.0,-3.9609
336.6402667778241,118.491,45.0,25.0,-3.7456
337.14047519799914,116.714,45.0,25.0,-3.542
337.64068361817425,114.814,45.0,25.0,-3.3495
338.1408920383493,113.389,45.0,25.0,-3.1675
338.64110045852436,111.497,45.0,25.0,-2.9953
339.1413088786995,110.624,45.0,25.0,-2.8326
339.64151729887453,109.008,45.0,25.0,-2.6786
340.1417257190496,107.657,45.0,25.0,-2.533
340.6419341392247,106.852,45.0,25.0,-2.3954
341.14214255939976,105.281,45.0,25.0,-2.2652
341.6423509795748,104.034,45.0,25.0,-2.1421
342.14255939974987,102.984,45.0,25.0,-2.0257
342.642767819925,102.567,45.0,25.0,-1.9156
343.14297624010004,101.19,45.0,25.0,-1.8115
343.6431846602751,101.092,45.0,25.0,-1.713
344.1433930804502,99.323,45.0,25.0,-1.6199
344.64360150062527,99.501,45.0,25.0,-1.5319
345.1438099208003,98.406,45.0,25.0,-1.4486
345.6440183409754,97.644,45.0,25.0,-1.3699
346.1442267611505,96.884,45.0,25.0,-1.2954
346.64443518132555,96.508,45.0,25.0,-1.225
347.1446436015006,95.819,45.0,25.0,-1.1585
347.6448520216757,95.557,45.0,25.0,-1.0955
348.1450604418508,94.791,45.0,25.0,-1.036
348.64526886202583,94.311,45.0,25.0,-0.9797
349.1454772822009,93.719,45.0,25.0,-0.9264
349.645685702376,93.358,45.0,25.0,-0.8761
350.14589412255106,93.035,45.0,25.0,-0.8285
350.6461025427261,92.138,45.0,25.0,-0.7834
351.1463109629012,91.858,45.0,25.0,-0.7409
351.6465193830763,92.031,45.0,25.0,-0.7006
352.14672780325134,91.557,45.0,25.0,-0.6625
352.64693622342645,91.155,45.0,25.0,-0.6265
353.1471446436015,90.909,45.0,25.0,-0.5925
353.64735306377656,90.711,45.0,25.0,-0.5603
354.1475614839516,90.224,45.0,25.0,-0.5298
354.64776990412673,89.914,45.0,25.0,-0.501
355.1479783243018,89.921,45.0,25.0,-0.4738
355.64818674447685,89.403,45.0,25.0,-0.448
356.14839516465196,89.538,45.0,25.0,-0.4237
356.648603584827,88.81,45.0,25.0,-0.4007
357.14881200500207,89.304,45.0,25.0,-0.3789
357.6490204251771,88.985,45.0,25.0,-0.3583
358.14922884535224,88.762,45.0,25.0,-0.3388
358.6494372655273,88.783,45.0,25.0,-0.3204
359.14964568570235,88.802,45.0,25.0,-0.303
359.64985410587747,88.496,45.0,25.0,-0.2865
360.1500625260525,87.647,45.0,25.0,-0.271
360.6502709462276,87.659,45.0,25.0,-0.2562
361.1504793664027,87.702,45.0,25.0,-0.2423
361.65068778657775,87.75,45.0,25.0,-0.2291
362.1508962067528,87.765,45.0,25.0,-0.2167
362.65110462692786,87.351,45.0,25.0,-0.2049
363.151313047103,87.482,45.0,25.0,-0.1938
363.65152146727803,87.155,45.0,25.0,-0.1832
364.1517298874531,87.105,45.0,25.0,-0.1733
364.6519383076282,86.824,45.0,25.0,-0.1639
365.15214672780326,86.867,45.0,25.0,-0.155
365.6523551479783,86.687,45.0,25.0,-0.1465
366.15256356815337,86.712,45.0,25.0,-0.1386
366.6527719883285,87.153,45.0,25.0,-0.131
367.15298040850354,86.591,45.0,25.0,-0.1239
367.6531888286786,87.428,45.0,25.0,-0.1172
368.1533972488537,86.837,45.0,25.0,-0.1108
368.65360566902876,86.708,45.0,25.0,-0.1048
369.1538140892038,86.398,45.0,25.0,-0.0991
369.65402250937893,86.74,45.0,25.0,-0.0937
370.154230929554,86.377,45.0,25.0,-0.0886
370.65443934972905,86.51,45.0,25.0,-0.0838
371.1546477699041,87.079,45.0,25.0,-0.0792
371.6548561900792,86.378,45.0,25.0,-0.0749
372.15506461025427,86.654,45.0,25.0,-0.0709
372.6552730304293,86.157,45.0,25.0,-0.067
373.15548145060444,86.293,45.0,25.0,-0.0634
373.6556898707795,86.714,45.0,25.0,-0.0599
374.15589829095455,86.086,45.0,25.0,-0.0567
374.6561067111296,86.669,45.0,25.0,-0.0536
375.1563151313047,86.368,45.0,25.0,-0.0507
375.6565235514798,86.026,45.0,25.0,-0.0479
376.15673197165484,86.302,45.0,25.0,-0.0453
376.65694039182995,86.366,45.0,25.0,-0.0429
377.157148812005,86.258,45.0,25.0,-0.0405
377.65735723218006,85.691,45.0,25.0,-0.0383
378.1575656523551,85.884,45.0,25.0,-0.0362
378.65777407253023,85.986,45.0,25.0,-0.0343
379.1579824927053,86.013,45.0,25.0,-0.0324
379.65819091288034,86.172,45.0,25.0,-0.0306
380.15839933305546,86.047,45.0,25.0,-0.029
380.6586077532305,85.655,45.0,25.0,-0.0274
381.15881617340557,86.071,45.0,25.0,-0.0259
381.6590245935807,86.116,45.0,25.0,-0.0245
382.15923301375574,86.092,45.0,25.0,-0.0232
382.6594414339308,86.211,45.0,25.0,-0.0219
383.15964985410585,86.139,45.0,25.0,-0.0207
383.65985827428096,86.035,45.0,25.0,-0.0196
384.160066694456,85.894,45.0,25.0,-0.0185
384.6602751146311,85.487,45.0,25.0,-0.0175
385.1604835348062,86.002,45.0,25.0,-0.0166
385.66069195498125,85.938,45.0,25.0,-0.0157
386.1609003751563,85.947,45.0,25.0,-0.0148
386.66110879533136,85.553,45.0,25.0,-0.014
387.1613172155065,85.595,45.0,25.0,-0.0133
387.6615256356815,86.122,45.0,25.0,-0.0125
388.1617340558566,85.843,45.0,25.0,-0.0119
388.6619424760317,86.018,45.0,25.0,-0.0112
389.16215089620675,85.849,45.0,25.0,-0.0106
389.6623593163818,85.845,45.0,25.0,-0.01
390.1625677365569,86.067,45.0,25.0,-0.0095
390.662776156732,85.699,45.0,25.0,-0.009
391.16298457690704,85.848,45.0,25.0,-0.0085
391.6631929970821,85.704,45.0,25.0,-0.008
392.1634014172572,85.707,45.0,25.0,-0.0076
392.66360983743226,85.735,45.0,25.0,-0.0072
393.1638182576073,85.865,45.0,25.0,-0.0068
393.66402667778243,85.686,45.0,25.0,-0.0064
394.1642350979575,89.785,95.0,25.0,7.3309
394.66444351813254,92.714,95.0,25.0,6.9325
395.1646519383076,96.169,95.0,25.0,6.5557
395.6648603584827,99.205,95.0,25.0,6.1994
396.16506877865777,102.608,95.0,25.0,5.8625
396.6652771988328,105.067,95.0,25.0,5.5439
397.16548561900794,107.897,95.0,25.0,5.2426
397.665694039183,109.747,95.0,25.0,4.9577
398.16590245935805,112.529,95.0,25.0,4.6882
398.6661108795331,114.902,95.0,25.0,4.4334
399.1663192997082,116.796,95.0,25.0,4.1925
399.6665277198833,119.024,95.0,25.0,3.9646
400.16673614005833,120.503,95.0,25.0,3.7492
400.66694456023345,122.757,95.0,25.0,3.5454
401.1671529804085,124.656,95.0,25.0,3.3527
401.66736140058356,125.576,95.0,25.0,3.1705
402.1675698207587,127.054,95.0,25.0,2.9982
402.6677782409337,128.947,95.0,25.0,2.8352
403.1679866611088,130.319,95.0,25.0,2.6812
403.66819508128384,131.061,95.0,25.0,2.5354
404.16840350145895,132.285,95.0,25.0,2.3976
404.668611921634,133.454,95.0,25.0,2.2673
405.16882034180907,134.26,95.0,25.0,2.1441
405.6690287619842,135.38,95.0,25.0,2.0276
406.16923718215924,136.318,95.0,25.0,1.9174
406.6694456023343,137.283,95.0,25.0,1.8132
407.16965402250935,138.324,95.0,25.0,1.7146
407.66986244268446,139.202,95.0,25.0,1.6215
408.1700708628595,140.298,95.0,25.0,1.5333
408.6702792830346,140.385,95.0,25.0,1.45
409.1704877032097,141.567,95.0,25.0,1.3712
409.67069612338474,141.915,95.0,25.0,1.2967
410.1709045435598,142.57,95.0,25.0,1.2262
410.6711129637349,143.331,95.0,25.0,1.1596
411.17132138390997,143.429,95.0,25.0,1.0965
411.671529804085,144.324,95.0,25.0,1.0369
412.1717382242601,144.76,95.0,25.0,0.9806
412.6719466444352,145.306,95.0,25.0,0.9273
413.17215506461025,145.693,95.0,25.0,0.8769
413.6723634847853,146.649,95.0,25.0,0.8292
414.1725719049604,146.268,95.0,25.0,0.7842
414.6727803251355,146.666,95.0,25.0,0.7416
415.17298874531053,146.993,95.0,25.0,0.7013
415.6731971654856,147.342,95.0,25.0,0.6631
416.1734055856607,147.635,95.0,25.0,0.6271
416.67361400583576,148.388,95.0,25.0,0.593
417.1738224260108,148.726,95.0,25.0,0.5608
417.67403084618593,148.494,95.0,25.0,0.5303
418.174239266361,148.679,95.0,25.0,0.5015
418.67444768653604,149.242,95.0,25.0,0.4742
419.17465610671115,149.21,95.0,25.0,0.4485
419.6748645268862,149.719,95.0,25.0,0.4241
420.17507294706127,149.812,95.0,25.0,0.401
420.6752813672363,149.572,95.0,25.0,0.3792
421.17548978741144,150.517,95.0,25.0,0.3586
421.6756982075865,150.748,95.0,25.0,0.3391
422.17590662776155,150.307,95.0,25.0,0.3207
422.67611504793666,150.515,95.0,25.0,0.3033
423.1763234681117,150.826,95.0,25.0,0.2868
423.6765318882868,150.974,95.0,25.0,0.2712
424.17674030846183,149.349,70.0,25.0,-3.412
424.67694872863694,148.074,70.0,25.0,-3.2266
425.177157148812,146.001,70.0,25.0,-3.0512
425.67736556898706,144.403,70.0,25.0,-2.8854
426.17757398916217,142.894,70.0,25.0,-2.7286
426.6777824093372,141.766,70.0,25.0,-2.5803
427.1779908295123,140.72,70.0,25.0,-2.44
427.67819924968734,140.023,70.0,25.0,-2.3074
428.17840766986245,138.354,70.0,25.0,-2.182
428.6786160900375,137.508,70.0,25.0,-2.0634
429.17882451021256,136.472,70.0,25.0,-1.9513
429.6790329303877,135.851,70.0,25.0,-1.8453
430.17924135056273,135.313,70.0,25.0,-1.745
430.6794497707378,133.723,70.0,25.0,-1.6501
431.1796581909129,132.954,70.0,25.0,-1.5604
431.67986661108796,132.599,70.0,25.0,-1.4756
432.180075031263,131.811,70.0,25.0,-1.3954
432.6802834514381,131.442,70.0,25.0,-1.3196
433.1804918716132,130.503,70.0,25.0,-1.2479
433.68070029178824,129.677,70.0,25.0,-1.1801
434.1809087119633,129.356,70.0,25.0,-1.1159
434.6811171321384,128.958,70.0,25.0,-1.0553
435.18132555231347,128.387,70.0,25.0,-0.9979
435.6815339724885,127.837,70.0,25.0,-0.9437
436.1817423926636,127.531,70.0,25.0,-0.8924
436.6819508128387,127.134,70.0,25.0,-0.8439
437.18215923301375,126.789,70.0,25.0,-0.798
437.6823676531888,126.228,70.0,25.0,-0.7547
438.1825760733639,125.667,70.0,25.0,-0.7137
438.682784493539,125.408,70.0,25.0,-0.6749
439.18299291371403,125.354,70.0,25.0,-0.6382
439.68320133388914,124.546,70.0,25.0,-0.6035
440.1834097540642,124.557,70.0,25.0,-0.5707
440.68361817423926,124.097,70.0,25.0,-0.5397
441.1838265944143,123.947,70.0,25.0,-0.5104
441.6840350145894,124.018,70.0,25.0,-0.4826
442.1842434347645,123.518,70.0,25.0,-0.4564
442.68445185493954,123.266,70.0,25.0,-0.4316
443.18466027511465,122.711,70.0,25.0,-0.4081
443.6848686952897,123.044,70.0,25.0,-0.386
444.18507711546476,122.837,70.0,25.0,-0.365
444.6852855356398,123.044,70.0,25.0,-0.3451
445.18549395581493,122.263,70.0,25.0,-0.3264
445.68570237599,122.24,70.0,25.0,-0.3086
446.18591079616505,122.102,70.0,25.0,-0.2919
446.68611921634016,122.296,70.0,25.0,-0.276
447.1863276365152,121.747,70.0,25.0,-0.261
447.6865360566903,121.717,70.0,25.0,-0.2468
448.18674447686533,121.683,70.0,25.0,-0.2334
448.68695289704044,121.467,70.0,25.0,-0.2207
449.1871613172155,121.204,70.0,25.0,-0.2087
449.68736973739055,121.266,70.0,25.0,-0.1974
450.18757815756567,121.392,70.0,25.0,-0.1867
450.6877865777407,120.779,70.0,25.0,-0.1765
451.1879949979158,120.985,70.0,25.0,-0.1669
451.6882034180909,120.698,70.0,25.0,-0.1578
452.18841183826595,121.097,70.0,25.0,-0.1493
452.688620258441,120.347,70.0,25.0,-0.1412
453.18882867861606,120.522,70.0,25.0,-0.1335
453.6890370987912,120.693,70.0,25.0,-0.1262
454.18924551896623,119.096,45.0,25.0,-3.7878
454.6894539391413,116.897,45.0,25.0,-3.582
455.1896623593164,115.081,45.0,25.0,-3.3873
455.68987077949146,114.088,45.0,25.0,-3.2032
456.1900791996665,111.741,45.0,25.0,-3.0291
456.69028761984157,110.121,45.0,25.0,-2.8645
457.1904960400167,109.427,45.0,25.0,-2.7088
457.69070446019174,107.91,45.0,25.0,-2.5616
458.1909128803668,106.569,45.0,25.0,-2.4224
458.6911213005419,105.857,45.0,25.0,-2.2907
459.19132972071696,104.657,45.0,25.0,-2.1662
459.691538140892,103.431,45.0,25.0,-2.0485
460.19174656106713,102.283,45.0,25.0,-1.9372
460.6919549812422,101.906,45.0,25.0,-1.8319
461.19216340141725,100.984,45.0,25.0,-1.7323
461.6923718215923,99.977,45.0,25.0,-1.6382
462.1925802417674,99.689,45.0,25.0,-1.5492
462.6927886619425,98.228,45.0,25.0,-1.465
463.19299708211753,97.421,45.0,25.0,-1.3853
463.69320550229264,96.975,45.0,25.0,-1.3101
464.1934139224677,96.517,45.0,25.0,-1.2389
464.69362234264275,96.003,45.0,25.0,-1.1715
465.1938307628178,95.328,45.0,25.0,-1.1079
465.6940391829929,94.953,45.0,25.0,-1.0476
466.194247603168,94.056,45.0,25.0,-0.9907
466.69445602334304,94.262,45.0,25.0,-0.9369
467.19466444351815,93.437,45.0,25.0,-0.886
467.6948728636932,93.318,45.0,25.0,-0.8378
468.19508128386826,92.728,45.0,25.0,-0.7923
468.6952897040434,92.382,45.0,25.0,-0.7492
469.19549812421843,92.056,45.0,25.0,-0.7085
469.6957065443935,91.691,45.0,25.0,-0.67
470.19591496456854,91.423,45.0,25.0,-0.6336
470.69612338474366,91.295,45.0,25.0,-0.5991
471.1963318049187,90.728,45.0,25.0,-0.5666
471.69654022509377,90.589,45.0,25.0,-0.5358
472.1967486452689,90.136,45.0,25.0,-0.5067
472.69695706544394,90.278,45.0,25.0,-0.4791
473.197165485619,89.523,45.0,25.0,-0.4531
473.69737390579405,89.928,45.0,25.0,-0.4285
474.19758232596917,89.265,45.0,25.0,-0.4052
474.6977907461442,88.726,45.0,25.0,-0.3832
475.1979991663193,88.934,45.0,25.0,-0.3623
475.6982075864944,88.561,45.0,25.0,-0.3426
476.19841600666945,88.779,45.0,25.0,-0.324
476.6986244268445,88.253,45.0,25.0,-0.3064
477.19883284701956,88.159,45.0,25.0,-0.2898
477.6990412671947,87.662,45.0,25.0,-0.274
478.19924968736973,87.891,45.0,25.0,-0.2591
478.6994581075448,87.276,45.0,25.0,-0.245
479.1996665277199,87.37,45.0,25.0,-0.2317
479.69987494789495,87.847,45.0,25.0,-0.2191
480.20008336807,87.749,45.0,25.0,-0.2072
480.7002917882451,87.561,45.0,25.0,-0.196
481.2005002084202,87.12,45.0,25.0,-0.1853
481.70070862859524,87.263,45.0,25.0,-0.1752
482.2009170487703,87.191,45.0,25.0,-0.1657
482.7011254689454,86.824,45.0,25.0,-0.1567
483.20133388912046,87.415,45.0,25.0,-0.1482
483.7015423092955,87.189,45.0,25.0,-0.1401
484.20175072947063,86.114,35.0,25.0,-1.5999
484.7019591496457,85.419,35.0,25.0,-1.513
485.20216756982074,84.749,35.0,25.0,-1.4307
485.7023759899958,83.51,35.0,25.0,-1.353
486.2025844101709,83.319,35.0,25.0,-1.2794
486.70279283034597,82.606,35.0,25.0,-1.2099
487.203001250521,81.954,35.0,25.0,-1.1442
487.70320967069614,81.593,35.0,25.0,-1.082
488.2034180908712,81.601,35.0,25.0,-1.0232
488.70362651104625,80.828,35.0,25.0,-0.9676
489.20383493122137,80.067,35.0,25.0,-0.915
489.7040433513964,79.921,35.0,25.0,-0.8652
490.2042517715715,79.718,35.0,25.0,-0.8182
490.70446019174653,79.213,35.0,25.0,-0.7738
491.20466861192165,78.631,35.0,25.0,-0.7317
491.7048770320967,78.108,35.0,25.0,-0.6919
492.20508545227176,78.117,35.0,25.0,-0.6543
492.7052938724469,77.732,35.0,25.0,-0.6188
493.20550229262193,77.565,35.0,25.0,-0.5851
493.705710712797,77.223,35.0,25.0,-0.5533
494.20591913297204,77.065,35.0,25.0,-0.5233
494.70612755314716,76.421,35.0,25.0,-0.4948
495.2063359733222,76.65,35.0,25.0,-0.4679
495.70654439349727,76.149,35.0,25.0,-0.4425
496.2067528136724,76.409,35.0,25.0,-0.4185
496.70696123384744,75.52,35.0,25.0,-0.3957
497.2071696540225,75.94,35.0,25.0,-0.3742
497.7073780741976,75.378,35.0,25.0,-0.3539
498.20758649437266,74.998,35.0,25.0,-0.3346
498.7077949145477,74.882,35.0,25.0,-0.3165
499.2080033347228,74.773,35.0,25.0,-0.2993
499.7082117548979,74.818,35.0,25.0,-0.283
500.20842017507294,74.709,35.0,25.0,-0.2676
500.708628595248,74.308,35.0,25.0,-0.2531
501.2088370154231,74.326,35.0,25.0,-0.2393
501.70904543559817,74.754,35.0,25.0,-0.2263
502.2092538557732,74.544,35.0,25.0,-0.214
502.7094622759483,74.12,35.0,25.0,-0.2024
503.2096706961234,73.924,35.0,25.0,-0.1914
503.70987911629845,73.854,35.0,25.0,-0.181
504.2100875364735,73.892,35.0,25.0,-0.1711
504.7102959566486,73.402,35.0,25.0,-0.1618
505.2105043768237,73.517,35.0,25.0,-0.153
505.71071279699873,73.092,35.0,25.0,-0.1447
506.2109212171738,73.54,35.0,25.0,-0.1369
506.7111296373489,73.538,35.0,25.0,-0.1294
507.21133805752396,73.194,35.0,25.0,-0.1224
507.711546477699,73.65,35.0,25.0,-0.1157
508.21175489787413,72.896,35.0,25.0,-0.1094
508.7119633180492,72.784,35.0,25.0,-0.1035
509.21217173822424,73.158,35.0,25.0,-0.0979
509.71238015839936,73.317,35.0,25.0,-0.0926
510.2125885785744,73.432,35.0,25.0,-0.0875
510.71279699874947,72.855,35.0,25.0,-0.0828
511.2130054189245,73.201,35.0,25.0,-0.0783
511.71321383909964,72.884,35.0,25.0,-0.074
512.2134222592747,72.816,35.0,25.0,-0.07
512.7136306794498,73.047,35.0,25.0,-0.0662
513.2138390996248,72.958,35.0,25.0,-0.0626
513.7140475197999,72.371,35.0,25.0,-0.0592
514.214255939975,77.508,95.0,25.0,8.7484
514.71446436015,81.621,95.0,25.0,8.2729
515.2146727803251,85.031,95.0,25.0,7.8233
515.7148812005003,88.985,95.0,25.0,7.3981
516.2150896206753,92.508,95.0,25.0,6.9961
516.7152980408504,95.757,95.0,25.0,6.6158
517.2155064610254,98.683,95.0,25.0,6.2563
517.7157148812005,101.611,95.0,25.0,5.9163
518.2159233013756,104.57,95.0,25.0,5.5947
518.7161317215506,107.514,95.0,25.0,5.2907
519.2163401417257,109.859,95.0,25.0,5.0031
519.7165485619008,111.996,95.0,25.0,4.7312
520.2167569820758,114.518,95.0,25.0,4.4741
520.7169654022509,115.729,95.0,25.0,4.2309
521.217173822426,118.729,95.0,25.0,4.001
521.717382242601,119.898,95.0,25.0,3.7835
522.2175906627762,122.032,95.0,25.0,3.5779
522.7177990829513,123.534,95.0,25.0,3.3835
523.2180075031263,125.09,95.0,25.0,3.1996
523.7182159233014,127.217,95.0,25.0,3.0257
524.2184243434765,128.24,95.0,25.0,2.8613
524.7186327636515,129.797,95.0,25.0,2.7057
525.2188411838266,130.978,95.0,25.0,2.5587
525.7190496040016,132.318,95.0,25.0,2.4196
526.2192580241767,133.362,95.0,25.0,2.2881
526.7194664443518,134.104,95.0,25.0,2.1638
527.2196748645268,135.697,95.0,25.0,2.0462
527.719883284702,136.292,95.0,25.0,1.935
528.2200917048771,136.941,95.0,25.0,1.8298
528.7203001250521,138.089,95.0,25.0,1.7304
529.2205085452272,139.389,95.0,25.0,1.6363
529.7207169654023,140.0,95.0,25.0,1.5474
530.2209253855773,140.432,95.0,25.0,1.4633
530.7211338057524,141.124,95.0,25.0,1.3838
531.2213422259275,141.785,95.0,25.0,1.3086
531.7215506461025,143.003,95.0,25.0,1.2374
532.2217590662776,143.165,95.0,25.0,1.1702
532.7219674864527,143.73,95.0,25.0,1.1066
533.2221759066277,144.403,95.0,25.0,1.0465
533.7223843268029,144.7,95.0,25.0,0.9896
534.2225927469779,145.044,95.0,25.0,0.9358
534.722801167153,145.502,95.0,25.0,0.8849
535.2230095873281,145.952,95.0,25.0,0.8368
535.7232180075031,146.356,95.0,25.0,0.7914
536.2234264276782,146.921,95.0,25.0,0.7484
536.7236348478533,147.106,95.0,25.0,0.7077
537.2238432680283,147.611,95.0,25.0,0.6692
537.7240516882034,147.724,95.0,25.0,0.6329
538.2242601083785,148.063,95.0,25.0,0.5985
538.7244685285535,147.827,95.0,25.0,0.5659
539.2246769487286,148.823,95.0,25.0,0.5352
539.7248853689038,148.934,95.0,25.0,0.5061
540.2250937890788,149.336,95.0,25.0,0.4786
540.7253022092539,148.589,95.0,25.0,0.4526
541.2255106294289,150.049,95.0,25.0,0.428
541.725719049604,149.694,95.0,25.0,0.4047
542.2259274697791,150.197,95.0,25.0,0.3827
542.7261358899541,149.841,95.0,25.0,0.3619
543.2263443101292,150.426,95.0,25.0,0.3423
543.7265527303043,150.171,95.0,25.0,0.3237
544.2267611504793,145.295,25.0,25.0,-9.9657
544.7269695706544,141.218,25.0,25.0,-9.4241
545.2271779908295,136.236,25.0,25.0,-8.9119
545.7273864110045,132.124,25.0,25.0,-8.4275
546.2275948311797,128.302,25.0,25.0,-7.9695
546.7278032513548,124.441,25.0,25.0,-7.5364
547.2280116715298,120.791,25.0,25.0,-7.1268
547.7282200917049,117.475,25.0,25.0,-6.7395
548.22842851188,114.798,25.0,25.0,-6.3732
548.728636932055,111.169,25.0,25.0,-6.0268
549.2288453522301,108.384,25.0,25.0,-5.6993
549.7290537724051,105.902,25.0,25.0,-5.3895
550.2292621925802,103.367,25.0,25.0,-5.0966
550.7294706127553,100.978,25.0,25.0,-4.8196
551.2296790329303,98.562,25.0,25.0,-4.5577
551.7298874531054,95.961,25.0,25.0,-4.31
552.2300958732806,94.618,25.0,25.0,-4.0758
552.7303042934556,91.995,25.0,25.0,-3.8543
553.2305127136307,90.535,25.0,25.0,-3.6448
553.7307211338058,88.548,25.0,25.0,-3.4467
554.2309295539808,87.091,25.0,25.0,-3.2594
554.7311379741559,85.648,25.0,25.0,-3.0822
555.231346394331,84.188,25.0,25.0,-2.9147
555.731554814506,82.835,25.0,25.0,-2.7563
556.2317632346811,81.83,25.0,25.0,-2.6065
556.7319716548562,80.308,25.0,25.0,-2.4649
557.2321800750312,78.968,25.0,25.0,-2.3309
557.7323884952064,78.168,25.0,25.0,-2.2042
558.2325969153814,77.182,25.0,25.0,-2.0844
558.7328053355565,75.592,25.0,25.0,-1.9711
559.2330137557316,75.116,25.0,25.0,-1.864
559.7332221759066,74.261,25.0,25.0,-1.7627
560.2334305960817,73.178,25.0,25.0,-1.6669
560.7336390162568,72.808,25.0,25.0,-1.5763
561.2338474364318,71.681,25.0,25.0,-1.4906
561.7340558566069,71.045,25.0,25.0,-1.4096
562.234264276782,70.304,25.0,25.0,-1.333
562.734472696957,69.721,25.0,25.0,-1.2606
563.2346811171321,68.847,25.0,25.0,-1.1921
563.7348895373073,68.197,25.0,25.0,-1.1273
564.2350979574823,68.423,25.0,25.0,-1.066
564.7353063776574,67.309,25.0,25.0,-1.0081
565.2355147978325,66.796,25.0,25.0,-0.9533
565.7357232180075,66.055,25.0,25.0,-0.9015
566.2359316381826,66.007,25.0,25.0,-0.8525
566.7361400583576,65.433,25.0,25.0,-0.8062
567.2363484785327,65.793,25.0,25.0,-0.7623
567.7365568987078,65.274,25.0,25.0,-0.7209
568.2367653188828,64.509,25.0,25.0,-0.6817
568.7369737390579,64.922,25.0,25.0,-0.6447
569.237182159233,64.299,25.0,25.0,-0.6096
569.737390579408,63.684,25.0,25.0,-0.5765
570.2375989995832,62.868,25.0,25.0,-0.5452
570.7378074197583,63.808,25.0,25.0,-0.5156
571.2380158399333,62.644,25.0,25.0,-0.4875
571.7382242601084,62.35,25.0,25.0,-0.461
572.2384326802835,62.799,25.0,25.0,-0.436
572.7386411004585,62.947,25.0,25.0,-0.4123
573.2388495206336,62.488,25.0,25.0,-0.3899
573.7390579408087,62.099,25.0,25.0,-0.3687
574.2392663609837,65.234,70.0,25.0,6.2546
574.7394747811588,68.256,70.0,25.0,5.9147
575.2396832013338,71.029,70.0,25.0,5.5932
575.739891621509,73.554,70.0,25.0,5.2893
576.2401000416841,76.01,70.0,25.0,5.0018
576.7403084618591,78.334,70.0,25.0,4.73
577.2405168820342,80.397,70.0,25.0,4.4729
577.7407253022093,82.631,70.0,25.0,4.2298
578.2409337223843,84.277,70.0,25.0,3.9999
578.7411421425594,86.567,70.0,25.0,3.7825
579.2413505627345,88.133,70.0,25.0,3.577
579.7415589829095,89.796,70.0,25.0,3.3826
580.2417674030846,91.716,70.0,25.0,3.1987
580.7419758232597,93.532,70.0,25.0,3.0249
581.2421842434347,94.843,70.0,25.0,2.8605
581.7423926636098,95.574,70.0,25.0,2.705
582.242601083785,96.998,70.0,25.0,2.558
582.74280950396,98.69,70.0,25.0,2.419
583.2430179241351,99.353,70.0,25.0,2.2875
583.7432263443101,100.624,70.0,25.0,2.1632
584.2434347644852,101.84,70.0,25.0,2.0456
584.7436431846603,102.428,70.0,25.0,1.9345
585.2438516048353,103.611,70.0,25.0,1.8293
585.7440600250104,104.116,70.0,25.0,1.7299
586.2442684451855,105.117,70.0,25.0,1.6359
586.7444768653605,106.121,70.0,25.0,1.547
587.2446852855356,106.374,70.0,25.0,1.4629
587.7448937057108,107.575,70.0,25.0,1.3834
588.2451021258858,108.114,70.0,25.0,1.3082
588.7453105460609,108.875,70.0,25.0,1.2371
589.245518966236,109.378,70.0,25.0,1.1699
589.745727386411,110.216,70.0,25.0,1.1063
590.2459358065861,110.43,70.0,25.0,1.0462
590.7461442267611,110.786,70.0,25.0,0.9893
591.2463526469362,111.391,70.0,25.0,0.9356
591.7465610671113,111.939,70.0,25.0,0.8847
592.2467694872863,112.234,70.0,25.0,0.8366
592.7469779074614,112.627,70.0,25.0,0.7912
593.2471863276365,112.816,70.0,25.0,0.7482
593.7473947478115,113.179,70.0,25.0,0.7075
594.2476031679867,113.329,70.0,25.0,0.669
594.7478115881618,114.433,70.0,25.0,0.6327
595.2480200083368,113.984,70.0,25.0,0.5983
595.7482284285119,114.404,70.0,25.0,0.5658
596.248436848687,114.666,70.0,25.0,0.535
596.748645268862,115.322,70.0,25.0,0.506
597.2488536890371,115.264,70.0,25.0,0.4785
597.7490621092122,115.876,70.0,25.0,0.4525
598.2492705293872,115.609,70.0,25.0,0.4279
598.7494789495623,116.05,70.0,25.0,0.4046
599.2496873697373,115.962,70.0,25.0,0.3826
599.7498957899124,116.888,70.0,25.0,0.3618
600.2501042100876,116.226,70.0,25.0,0.3422
600.7503126302626,116.762,70.0,25.0,0.3236
601.2505210504377,116.996,70.0,25.0,0.306
601.7507294706128,117.086,70.0,25.0,0.2894
602.2509378907878,117.073,70.0,25.0,0.2736
602.7511463109629,117.216,70.0,25.0,0.2588
603.251354731138,117.382,70.0,25.0,0.2447
603.751563151313,117.45,70.0,25.0,0.2314
604.2517715714881,115.269,35.0,25.0,-4.9171
604.7519799916632,113.256,35.0,25.0,-4.6498
605.2521884118382,110.365,35.0,25.0,-4.3971
605.7523968320133,108.083,35.0,25.0,-4.1581
606.2526052521885,106.438,35.0,25.0,-3.9322
606.7528136723635,105.245,35.0,25.0,-3.7184
607.2530220925386,102.641,35.0,25.0,-3.5164
607.7532305127136,101.589,35.0,25.0,-3.3253
608.2534389328887,100.027,35.0,25.0,-3.1445
608.7536473530638,97.982,35.0,25.0,-2.9736
609.2538557732388,96.857,35.0,25.0,-2.812
609.7540641934139,95.792,35.0,25.0,-2.6592
610.254272613589,94.033,35.0,25.0,-2.5147
610.754481033764,92.888,35.0,25.0,-2.378
611.2546894539391,91.669,35.0,25.0,-2.2488
611.7548978741142,90.497,35.0,25.0,-2.1266
612.2551062942892,89.583,35.0,25.0,-2.011
612.7553147144644,88.489,35.0,25.0,-1.9017
613.2555231346395,87.904,35.0,25.0,-1.7983
613.7557315548145,86.853,35.0,25.0,-1.7006
614.2559399749896,86.3,35.0,25.0,-1.6082
614.7561483951647,85.092,35.0,25.0,-1.5208
615.2563568153397,84.844,35.0,25.0,-1.4381
615.7565652355148,84.29,35.0,25.0,-1.36
616.2567736556898,82.94,35.0,25.0,-1.2861
616.7569820758649,82.924,35.0,25.0,-1.2162
617.25719049604,82.562,35.0,25.0,-1.1501
617.757398916215,81.409,35.0,25.0,-1.0876
618.2576073363902,81.616,35.0,25.0,-1.0285
618.7578157565653,80.816,35.0,25.0,-0.9726
619.2580241767403,80.075,35.0,25.0,-0.9197
619.7582325969154,79.803,35.0,25.0,-0.8697
620.2584410170905,79.545,35.0,25.0,-0.8225
620.7586494372655,79.035,35.0,25.0,-0.7778
621.2588578574406,78.783,35.0,25.0,-0.7355
621.7590662776157,78.071,35.0,25.0,-0.6955
622.2592746977907,78.014,35.0,25.0,-0.6577
622.7594831179658,77.308,35.0,25.0,-0.622
623.2596915381409,77.339,35.0,25.0,-0.5882
623.7598999583159,76.863,35.0,25.0,-0.5562
624.260108378491,76.642,35.0,25.0,-0.526
624.760316798666,76.886,35.0,25.0,-0.4974
625.2605252188412,76.615,35.0,25.0,-0.4704
625.7607336390163,76.272,35.0,25.0,-0.4448
626.2609420591913,75.636,35.0,25.0,-0.4206
626.7611504793664,75.631,35.0,25.0,-0.3978
627.2613588995415,75.826,35.0,25.0,-0.3761
627.7615673197165,75.38,35.0,25.0,-0.3557
628.2617757398916,75.756,35.0,25.0,-0.3364
628.7619841600667,75.116,35.0,25.0,-0.3181
629.2621925802417,74.915,35.0,25.0,-0.3008
629.7624010004168,74.647,35.0,25.0,-0.2845
630.262609420592,74.624,35.0,25.0,-0.269
630.762817840767,74.425,35.0,25.0,-0.2544
631.2630262609421,74.52,35.0,25.0,-0.2405
631.7632346811172,74.468,35.0,25.0,-0.2275
632.2634431012922,73.925,35.0,25.0,-0.2151
632.7636515214673,73.687,35.0,25.0,-0.2034
633.2638599416423,73.465,35.0,25.0,-0.1924
633.7640683618174,73.96,35.0,25.0,-0.1819
634.2642767819925,73.471,35.0,25.0,-0.172
634.7644852021675,73.127,35.0,25.0,-0.1627
635.2646936223426,73.686,35.0,25.0,-0.1538
635.7649020425177,74.139,35.0,25.0,-0.1455
636.2651104626927,73.445,35.0,25.0,-0.1376
636.7653188828679,73.591,35.0,25.0,-0.1301
637.265527303043,73.341,35.0,25.0,-0.123
637.765735723218,73.237,35.0,25.0,-0.1163
638.2659441433931,73.437,35.0,25.0,-0.11
638.7661525635682,73.083,35.0,25.0,-0.104
639.2663609837432,73.173,35.0,25.0,-0.0984
639.7665694039183,73.14,35.0,25.0,-0.093
640.2667778240934,72.848,35.0,25.0,-0.088
640.7669862442684,73.222,35.0,25.0,-0.0832
641.2671946644435,72.891,35.0,25.0,-0.0787
641.7674030846185,72.708,35.0,25.0,-0.0744
642.2676115047936,72.996,35.0,25.0,-0.0704
642.7678199249688,72.604,35.0,25.0,-0.0665
643.2680283451438,72.804,35.0,25.0,-0.0629
643.7682367653189,72.765,35.0,25.0,-0.0595
644.268445185494,73.011,35.0,25.0,-0.0563
644.768653605669,72.832,35.0,25.0,-0.0532
645.2688620258441,72.681,35.0,25.0,-0.0503
645.7690704460192,72.868,35.0,25.0,-0.0476
646.2692788661942,72.989,35.0,25.0,-0.045
646.7694872863693,72.76,35.0,25.0,-0.0425
647.2696957065444,72.603,35.0,25.0,-0.0402
647.7699041267194,72.253,35.0,25.0,-0.038
648.2701125468946,72.297,35.0,25.0,-0.036
648.7703209670696,72.47,35.0,25.0,-0.034
649.2705293872447,72.378,35.0,25.0,-0.0322
649.7707378074198,72.468,35.0,25.0,-0.0304
650.2709462275948,72.514,35.0,25.0,-0.0288
650.7711546477699,72.619,35.0,25.0,-0.0272
651.271363067945,72.456,35.0,25.0,-0.0257
651.77157148812,72.583,35.0,25.0,-0.0243
652.2717799082951,72.466,35.0,25.0,-0.023
652.7719883284702,71.945,35.0,25.0,-0.0218
653.2721967486452,72.194,35.0,25.0,-0.0206
653.7724051688203,72.383,35.0,25.0,-0.0195
654.2726135889955,72.108,35.0,25.0,-0.0184
654.7728220091705,72.551,35.0,25.0,-0.0174
655.2730304293456,72.776,35.0,25.0,-0.0165
655.7732388495207,72.69,35.0,25.0,-0.0156
656.2734472696957,72.325,35.0,25.0,-0.0147
656.7736556898708,72.744,35.0,25.0,-0.0139
657.2738641100458,72.402,35.0,25.0,-0.0132
657.7740725302209,72.274,35.0,25.0,-0.0124
658.274280950396,72.199,35.0,25.0,-0.0118
658.774489370571,72.271,35.0,25.0,-0.0111
659.2746977907461,72.245,35.0,25.0,-0.0105
659.7749062109212,72.379,35.0,25.0,-0.01
660.2751146310962,72.372,35.0,25.0,-0.0094
660.7753230512714,72.328,35.0,25.0,-0.0089
661.2755314714465,72.432,35.0,25.0,-0.0084
661.7757398916215,72.617,35.0,25.0,-0.008
662.2759483117966,72.553,35.0,25.0,-0.0075
662.7761567319717,71.941,35.0,25.0,-0.0071
663.2763651521467,71.67,35.0,25.0,-0.0067
663.7765735723218,72.539,35.0,25.0,-0.0064
664.2767819924969,71.227,25.0,25.0,-1.4734
664.7769904126719,70.816,25.0,25.0,-1.3933
665.277198832847,69.921,25.0,25.0,-1.3176
665.777407253022,69.14,25.0,25.0,-1.246
666.2776156731971,69.136,25.0,25.0,-1.1783
666.7778240933723,68.634,25.0,25.0,-1.1142
667.2780325135473,67.773,25.0,25.0,-1.0537
667.7782409337224,66.771,25.0,25.0,-0.9964
668.2784493538975,66.811,25.0,25.0,-0.9423
668.7786577740725,66.6,25.0,25.0,-0.8911
669.2788661942476,65.711,25.0,25.0,-0.8426
669.7790746144227,65.728,25.0,25.0,-0.7968
670.2792830345977,65.302,25.0,25.0,-0.7535
670.7794914547728,65.094,25.0,25.0,-0.7126
671.2796998749479,64.642,25.0,25.0,-0.6739
671.7799082951229,64.051,25.0,25.0,-0.6372
672.280116715298,64.292,25.0,25.0,-0.6026
672.7803251354732,63.668,25.0,25.0,-0.5698
673.2805335556482,63.431,25.0,25.0,-0.5389
673.7807419758233,62.95,25.0,25.0,-0.5096
674.2809503959983,62.832,25.0,25.0,-0.4819
674.7811588161734,62.493,25.0,25.0,-0.4557
675.2813672363485,62.456,25.0,25.0,-0.4309
675.7815756565235,62.723,25.0,25.0,-0.4075
676.2817840766986,61.76,25.0,25.0,-0.3854
676.7819924968737,61.517,25.0,25.0,-0.3644
677.2822009170487,62.116,25.0,25.0,-0.3446
677.7824093372238,61.533,25.0,25.0,-0.3259
678.282617757399,61.264,25.0,25.0,-0.3082
678.782826177574,61.545,25.0,25.0,-0.2914
679.2830345977491,60.996,25.0,25.0,-0.2756
679.7832430179242,61.474,25.0,25.0,-0.2606
680.2834514380992,61.064,25.0,25.0,-0.2465
680.7836598582743,60.656,25.0,25.0,-0.2331
681.2838682784494,61.207,25.0,25.0,-0.2204
681.7840766986244,60.412,25.0,25.0,-0.2084
682.2842851187995,60.65,25.0,25.0,-0.1971
682.7844935389745,60.446,25.0,25.0,-0.1864
683.2847019591496,60.609,25.0,25.0,-0.1762
683.7849103793247,60.59,25.0,25.0,-0.1667
684.2851187994997,60.129,25.0,25.0,-0.1576
684.7853272196749,59.858,25.0,25.0,-0.149
685.28553563985,60.091,25.0,25.0,-0.1409
685.785744060025,59.74,25.0,25.0,-0.1333
686.2859524802001,60.35,25.0,25.0,-0.126
686.7861609003752,59.821,25.0,25.0,-0.1192
687.2863693205502,59.639,25.0,25.0,-0.1127
687.7865777407253,59.723,25.0,25.0,-0.1066
688.2867861609004,59.29,25.0,25.0,-0.1008
688.7869945810754,59.336,25.0,25.0,-0.0953
689.2872030012505,59.834,25.0,25.0,-0.0901
689.7874114214256,59.327,25.0,25.0,-0.0852
690.2876198416006,59.19,25.0,25.0,-0.0806
690.7878282617758,59.547,25.0,25.0,-0.0762
691.2880366819508,59.674,25.0,25.0,-0.0721
691.7882451021259,59.523,25.0,25.0,-0.0682
692.288453522301,59.56,25.0,25.0,-0.0645
692.788661942476,59.091,25.0,25.0,-0.061
693.2888703626511,58.896,25.0,25.0,-0.0576
693.7890787828262,59.6,25.0,25.0,-0.0545
694.2892872030012,62.419,70.0,25.0,6.5517
694.7894956231763,65.535,70.0,25.0,6.1956
695.2897040433514,68.859,70.0,25.0,5.8589
695.7899124635264,71.437,70.0,25.0,5.5405
696.2901208837015,74.031,70.0,25.0,5.2394
696.7903293038767,76.936,70.0,25.0,4.9546
697.2905377240517,78.576,70.0,25.0,4.6854
697.7907461442268,81.185,70.0,25.0,4.4307
698.2909545644018,83.062,70.0,25.0,4.1899
698.7911629845769,85.096,70.0,25.0,3.9622
699.291371404752,87.284,70.0,25.0,3.7469
699.791579824927,88.801,70.0,25.0,3.5432
700.2917882451021,90.484,70.0,25.0,3.3507
700.7919966652772,92.202,70.0,25.0,3.1686
701.2922050854522,93.34,70.0,25.0,2.9964
701.7924135056273,94.639,70.0,25.0,2.8335
702.2926219258025,95.927,70.0,25.0,2.6795
702.7928303459774,96.963,70.0,25.0,2.5339
703.2930387661526,99.167,70.0,25.0,2.3962
703.7932471863277,99.51,70.0,25.0,2.266
704.2934556065027,100.802,70.0,25.0,2.1428
704.7936640266778,101.802,70.0,25.0,2.0264
705.2938724468529,102.906,70.0,25.0,1.9162
705.7940808670279,103.939,70.0,25.0,1.8121
706.294289287203,104.807,70.0,25.0,1.7136
706.794497707378,105.256,70.0,25.0,1.6205
707.2947061275531,106.126,70.0,25.0,1.5324
707.7949145477282,106.963,70.0,25.0,1.4491
708.2951229679032,107.516,70.0,25.0,1.3704
708.7953313880784,108.628,70.0,25.0,1.2959
709.2955398082535,108.961,70.0,25.0,1.2255
709.7957482284285,109.602,70.0,25.0,1.1589
710.2959566486036,110.132,70.0,25.0,1.0959
710.7961650687787,110.777,70.0,25.0,1.0363
711.2963734889537,111.019,70.0,25.0,0.98
711.7965819091288,111.113,70.0,25.0,0.9267
712.2967903293039,111.976,70.0,25.0,0.8764
712.7969987494789,112.127,70.0,25.0,0.8287
713.297207169654,112.55,70.0,25.0,0.7837
713.7974155898291,113.199,70.0,25.0,0.7411
714.2976240100041,113.712,70.0,25.0,0.7008
714.7978324301793,113.739,70.0,25.0,0.6627
715.2980408503543,114.125,70.0,25.0,0.6267
715.7982492705294,114.769,70.0,25.0,0.5927
716.2984576907045,114.684,70.0,25.0,0.5605
716.7986661108795,115.539,70.0,25.0,0.53
717.2988745310546,115.281,70.0,25.0,0.5012
717.7990829512297,114.936,70.0,25.0,0.4739
718.2992913714047,115.789,70.0,25.0,0.4482
718.7994997915798,115.908,70.0,25.0,0.4238
719.2997082117549,116.335,70.0,25.0,0.4008
719.7999166319299,116.371,70.0,25.0,0.379
720.300125052105,116.347,70.0,25.0,0.3584
720.8003334722802,116.245,70.0,25.0,0.3389
721.3005418924552,116.659,70.0,25.0,0.3205
721.8007503126303,116.65,70.0,25.0,0.3031
722.3009587328054,116.861,70.0,25.0,0.2866
722.8011671529804,117.289,70.0,25.0,0.271
723.3013755731555,117.688,70.0,25.0,0.2563
723.8015839933305,117.49,70.0,25.0,0.2424
724.3017924135056,119.041,95.0,25.0,3.8977
724.8020008336807,121.294,95.0,25.0,3.6859
725.3022092538557,123.225,95.0,25.0,3.4855
725.8024176740308,124.421,95.0,25.0,3.2961
726.302626094206,126.099,95.0,25.0,3.117
726.802834514381,127.61,95.0,25.0,2.9476
727.3030429345561,128.804,95.0,25.0,2.7874
727.8032513547312,130.48,95.0,25.0,2.6359
728.3034597749062,131.534,95.0,25.0,2.4926
728.8036681950813,132.848,95.0,25.0,2.3572
729.3038766152564,133.635,95.0,25.0,2.2291
729.8040850354314,134.802,95.0,25.0,2.1079
730.3042934556065,136.088,95.0,25.0,1.9934
730.8045018757816,136.757,95.0,25.0,1.885
731.3047102959566,138.173,95.0,25.0,1.7826
731.8049187161317,138.485,95.0,25.0,1.6857
732.3051271363067,139.438,95.0,25.0,1.5941
732.8053355564819,140.368,95.0,25.0,1.5074
733.305543976657,140.493,95.0,25.0,1.4255
733.805752396832,141.082,95.0,25.0,1.348
734.3059608170071,141.778,95.0,25.0,1.2748
734.8061692371822,143.078,95.0,25.0,1.2055
735.3063776573572,143.194,95.0,25.0,1.14
735.8065860775323,144.511,95.0,25.0,1.078
736.3067944977074,144.24,95.0,25.0,1.0194
736.8070029178824,144.909,95.0,25.0,0.964
737.3072113380575,145.704,95.0,25.0,0.9116
737.8074197582326,146.251,95.0,25.0,0.8621
738.3076281784076,146.673,95.0,25.0,0.8152
738.8078365985828,146.845,95.0,25.0,0.7709
739.3080450187579,147.163,95.0,25.0,0.729
739.8082534389329,147.4,95.0,25.0,0.6894
740.308461859108,147.773,95.0,25.0,0.6519
740.808670279283,147.749,95.0,25.0,0.6165
741.3088786994581,147.973,95.0,25.0,0.583
741.8090871196332,148.453,95.0,25.0,0.5513
742.3092955398082,148.672,95.0,25.0,0.5214
742.8095039599833,148.847,95.0,25.0,0.493
743.3097123801584,149.368,95.0,25.0,0.4662
743.8099208003334,149.653,95.0,25.0,0.4409
744.3101292205085,149.645,95.0,25.0,0.4169
744.8103376406837,150.189,95.0,25.0,0.3943
745.3105460608587,149.721,95.0,25.0,0.3728
745.8107544810338,150.134,95.0,25.0,0.3526
746.3109629012089,150.17,95.0,25.0,0.3334
746.8111713213839,150.04,95.0,25.0,0.3153
747.311379741559,150.635,95.0,25.0,0.2982
747.811588161734,150.767,95.0,25.0,0.282
748.3117965819091,151.309,95.0,25.0,0.2666
748.8120050020842,151.214,95.0,25.0,0.2521
749.3122134222592,150.92,95.0,25.0,0.2384
749.8124218424343,151.752,95.0,25.0,0.2255
750.3126302626094,151.7,95.0,25.0,0.2132
750.8128386827844,151.641,95.0,25.0,0.2016
751.3130471029596,151.534,95.0,25.0,0.1907
751.8132555231347,151.441,95.0,25.0,0.1803
752.3134639433097,151.673,95.0,25.0,0.1705
752.8136723634848,152.119,95.0,25.0,0.1612
753.3138807836599,152.395,95.0,25.0,0.1525
753.8140892038349,152.381,95.0,25.0,0.1442
754.31429762401,144.971,0.0,25.0,-13.8039
754.8145060441851,138.287,0.0,25.0,-13.0536
755.3147144643601,132.43,0.0,25.0,-12.3442
755.8149228845352,126.116,0.0,25.0,-11.6733
756.3151313047102,121.119,0.0,25.0,-11.0389
756.8153397248853,115.782,0.0,25.0,-10.439
757.3155481450605,110.767,0.0,25.0,-9.8716
757.8157565652355,105.817,0.0,25.0,-9.3351
758.3159649854106,101.93,0.0,25.0,-8.8278
758.8161734055857,97.495,0.0,25.0,-8.348
759.3163818257607,93.388,0.0,25.0,-7.8943
759.8165902459358,89.23,0.0,25.0,-7.4653
760.3167986661109,86.411,0.0,25.0,-7.0596
760.8170070862859,83.523,0.0,25.0,-6.6759
761.317215506461,80.339,0.0,25.0,-6.3131
761.8174239266361,76.824,0.0,25.0,-5.97
762.3176323468111,73.965,0.0,25.0,-5.6455
762.8178407669863,71.564,0.0,25.0,-5.3387
763.3180491871614,68.673,0.0,25.0,-5.0485
763.8182576073364,66.611,0.0,25.0,-4.7742
764.3184660275115,64.469,0.0,25.0,-4.5147
764.8186744476865,62.45,0.0,25.0,-4.2693
765.3188828678616,60.1,0.0,25.0,-4.0373
765.8190912880367,58.165,0.0,25.0,-3.8179
766.3192997082117,56.191,0.0,25.0,-3.6104
766.8195081283868,54.497,0.0,25.0,-3.4142
767.3197165485619,53.032,0.0,25.0,-3.2286
767.8199249687369,51.654,0.0,25.0,-3.0532
768.320133388912,50.347,0.0,25.0,-2.8872
768.8203418090872,48.553,0.0,25.0,-2.7303
769.3205502292622,47.836,0.0,25.0,-2.5819
769.8207586494373,46.174,0.0,25.0,-2.4416
770.3209670696124,45.082,0.0,25.0,-2.3089
770.8211754897874,43.809,0.0,25.0,-2.1834
771.3213839099625,42.357,0.0,25.0,-2.0648
771.8215923301376,42.208,0.0,25.0,-1.9525
772.3218007503126,41.248,0.0,25.0,-1.8464
772.8220091704877,40.121,0.0,25.0,-1.7461
773.3222175906627,39.382,0.0,25.0,-1.6512
773.8224260108378,38.714,0.0,25.0,-1.5614
774.322634431013,37.456,0.0,25.0,-1.4766
774.8228428511879,37.016,0.0,25.0,-1.3963
775.323051271363,36.686,0.0,25.0,-1.3204
775.8232596915382,35.55,0.0,25.0,-1.2487
776.3234681117132,35.347,0.0,25.0,-1.1808
776.8236765318883,34.376,0.0,25.0,-1.1166
777.3238849520634,34.303,0.0,25.0,-1.056
777.8240933722384,33.679,0.0,25.0,-0.9986
778.3243017924135,32.812,0.0,25.0,-0.9443
778.8245102125886,33.06,0.0,25.0,-0.893
779.3247186327636,32.163,0.0,25.0,-0.8444
779.8249270529387,31.745,0.0,25.0,-0.7986
780.3251354731138,31.62,0.0,25.0,-0.7552
780.8253438932888,31.5,0.0,25.0,-0.7141
781.325552313464,30.621,0.0,25.0,-0.6753
781.825760733639,30.571,0.0,25.0,-0.6386
782.3259691538141,30.361,0.0,25.0,-0.6039
782.8261775739892,30.142,0.0,25.0,-0.5711
783.3263859941642,29.742,0.0,25.0,-0.54
783.8265944143393,29.351,0.0,25.0,-0.5107
784.3268028345144,34.13,70.0,25.0,9.7888
784.8270112546894,38.987,70.0,25.0,9.2568
785.3272196748645,43.075,70.0,25.0,8.7537
785.8274280950396,46.751,70.0,25.0,8.278
786.3276365152146,51.505,70.0,25.0,7.8281
786.8278449353897,55.323,70.0,25.0,7.4026
787.3280533555649,58.006,70.0,25.0,7.0003
787.8282617757399,61.655,70.0,25.0,6.6199
788.328470195915,65.192,70.0,25.0,6.2601
788.8286786160901,68.511,70.0,25.0,5.9199
789.3288870362651,70.801,70.0,25.0,5.5981
789.8290954564402,73.261,70.0,25.0,5.2939
790.3293038766152,75.9,70.0,25.0,5.0062
790.8295122967903,78.657,70.0,25.0,4.7341
791.3297207169654,80.39,70.0,25.0,4.4768
791.8299291371404,82.469,70.0,25.0,4.2335
792.3301375573155,84.549,70.0,25.0,4.0034
792.8303459774907,86.325,70.0,25.0,3.7859
793.3305543976657,88.384,70.0,25.0,3.5801
793.8307628178408,90.452,70.0,25.0,3.3855
794.3309712380159,91.727,70.0,25.0,3.2015
794.8311796581909,93.097,70.0,25.0,3.0275
795.331388078366,94.519,70.0,25.0,2.863
795.8315964985411,95.555,70.0,25.0,2.7074
796.3318049187161,97.447,70.0,25.0,2.5603
796.8320133388912,98.417,70.0,25.0,2.4211
797.3322217590662,99.536,70.0,25.0,2.2895
797.8324301792413,101.462,70.0,25.0,2.1651
798.3326385994164,101.762,70.0,25.0,2.0474
798.8328470195914,102.467,70.0,25.0,1.9362
799.3330554397666,103.464,70.0,25.0,1.8309
799.8332638599417,104.724,70.0,25.0,1.7314
800.3334722801167,105.284,70.0,25.0,1.6373
800.8336807002918,105.67,70.0,25.0,1.5483
801.3338891204669,106.991,70.0,25.0,1.4642
801.8340975406419,107.287,70.0,25.0,1.3846
802.334305960817,108.577,70.0,25.0,1.3094
802.8345143809921,108.998,70.0,25.0,1.2382
803.3347228011671,109.201,70.0,25.0,1.1709
803.8349312213422,110.187,70.0,25.0,1.1073
804.3351396415173,110.407,70.0,25.0,1.0471
804.8353480616923,111.099,70.0,25.0,0.9902
805.3355564818675,111.475,70.0,25.0,0.9364
805.8357649020425,111.585,70.0,25.0,0.8855
806.3359733222176,112.054,70.0,25.0,0.8374
806.8361817423927,112.868,70.0,25.0,0.7919
807.3363901625677,112.902,70.0,25.0,0.7488
807.8365985827428,113.238,70.0,25.0,0.7081
808.3368070029179,113.435,70.0,25.0,0.6696
808.8370154230929,114.097,70.0,25.0,0.6332
809.337223843268,114.806,70.0,25.0,0.5988
809.8374322634431,114.306,70.0,25.0,0.5663
810.3376406836181,114.847,70.0,25.0,0.5355
810.8378491037932,115.447,70.0,25.0,0.5064
811.3380575239684,115.314,70.0,25.0,0.4789
811.8382659441434,115.673,70.0,25.0,0.4529
812.3384743643185,115.509,70.0,25.0,0.4282
812.8386827844936,116.084,70.0,25.0,0.405
813.3388912046686,116.121,70.0,25.0,0.383
813.8390996248437,116.596,70.0,25.0,0.3621
814.3393080450187,113.516,25.0,25.0,-6.2608
814.8395164651938,110.906,25.0,25.0,-5.9205
815.3397248853689,107.604,25.0,25.0,-5.5988
815.8399333055439,104.893,25.0,25.0,-5.2945
816.340141725719,102.357,25.0,25.0,-5.0067
816.8403501458941,99.853,25.0,25.0,-4.7346
817.3405585660691,97.787,25.0,25.0,-4.4773
817.8407669862443,95.512,25.0,25.0,-4.234
818.3409754064194,93.626,25.0,25.0,-4.0039
818.8411838265944,92.02,25.0,25.0,-3.7863
819.3413922467695,89.649,25.0,25.0,-3.5805
819.8416006669446,88.492,25.0,25.0,-3.3859
820.3418090871196,86.936,25.0,25.0,-3.2019
820.8420175072947,85.063,25.0,25.0,-3.0279
821.3422259274698,83.13,25.0,25.0,-2.8633
821.8424343476448,82.155,25.0,25.0,-2.7077
822.3426427678199,81.351,25.0,25.0,-2.5605
822.8428511879949,79.81,25.0,25.0,-2.4214
823.34305960817,78.421,25.0,25.0,-2.2898
823.8432680283452,77.462,25.0,25.0,-2.1653
824.3434764485202,76.775,25.0,25.0,-2.0477
824.8436848686953,75.733,25.0,25.0,-1.9364
825.3438932888704,74.621,25.0,25.0,-1.8311
825.8441017090454,73.723,25.0,25.0,-1.7316
826.3443101292205,72.898,25.0,25.0,-1.6375
826.8445185493956,71.991,25.0,25.0,-1.5485
827.3447269695706,71.894,25.0,25.0,-1.4644
827.8449353897457,70.717,25.0,25.0,-1.3848
828.3451438099208,70.447,25.0,25.0,-1.3095
828.8453522300958,69.904,25.0,25.0,-1.2383
829.345560650271,69.188,25.0,25.0,-1.171
829.8457690704461,68.276,25.0,25.0,-1.1074
830.3459774906211,67.962,25.0,25.0,-1.0472
830.8461859107962,67.36,25.0,25.0,-0.9903
831.3463943309712,66.671,25.0,25.0,-0.9365
831.8466027511463,66.536,25.0,25.0,-0.8856
832.3468111713214,65.741,25.0,25.0,-0.8375
832.8470195914964,65.937,25.0,25.0,-0.7919
833.3472280116715,65.149,25.0,25.0,-0.7489
833.8474364318466,64.962,25.0,25.0,-0.7082
834.3476448520216,64.647,25.0,25.0,-0.6697
834.8478532721967,64.195,25.0,25.0,-0.6333
835.3480616923719,64.107,25.0,25.0,-0.5989
835.8482701125469,63.558,25.0,25.0,-0.5663
836.348478532722,63.627,25.0,25.0,-0.5356
836.8486869528971,62.82,25.0,25.0,-0.5065
837.3488953730721,62.948,25.0,25.0,-0.4789
837.8491037932472,63.175,25.0,25.0,-0.4529
838.3493122134223,62.226,25.0,25.0,-0.4283
838.8495206335973,62.104,25.0,25.0,-0.405
839.3497290537724,62.211,25.0,25.0,-0.383
839.8499374739474,61.946,25.0,25.0,-0.3622
840.3501458941225,61.817,25.0,25.0,-0.3425
840.8503543142976,61.69,25.0,25.0,-0.3239
841.3505627344726,61.573,25.0,25.0,-0.3063
841.8507711546478,61.547,25.0,25.0,-0.2896
842.3509795748229,61.235,25.0,25.0,-0.2739
842.8511879949979,60.943,25.0,25.0,-0.259
843.351396415173,61.049,25.0,25.0,-0.2449
843.8516048353481,61.24,25.0,25.0,-0.2316
844.3518132555231,61.356,35.0,25.0,1.2484
844.8520216756982,61.736,35.0,25.0,1.1805
845.3522300958733,62.815,35.0,25.0,1.1164
845.8524385160483,63.035,35.0,25.0,1.0557
846.3526469362234,63.022,35.0,25.0,0.9983
846.8528553563984,64.249,35.0,25.0,0.9441
847.3530637765735,64.349,35.0,25.0,0.8927
847.8532721967487,64.883,35.0,25.0,0.8442
848.3534806169237,65.387,35.0,25.0,0.7983
848.8536890370988,65.73,35.0,25.0,0.755
849.3538974572739,66.216,35.0,25.0,0.7139
849.8541058774489,66.268,35.0,25.0,0.6751
850.354314297624,66.824,35.0,25.0,0.6384
850.8545227177991,66.933,35.0,25.0,0.6037
851.3547311379741,67.468,35.0,25.0,0.5709
851.8549395581492,67.707,35.0,25.0,0.5399
852.3551479783243,67.574,35.0,25.0,0.5106
852.8553563984993,68.321,35.0,25.0,0.4828
853.3555648186745,68.144,35.0,25.0,0.4566
853.8557732388496,68.696,35.0,25.0,0.4318
854.3559816590246,68.79,35.0,25.0,0.4083
854.8561900791997,69.35,35.0,25.0,0.3861
855.3563984993747,69.018,35.0,25.0,0.3651
855.8566069195498,69.159,35.0,25.0,0.3453
856.3568153397249,69.405,35.0,25.0,0.3265
856.8570237598999,69.488,35.0,25.0,0.3088
857.357232180075,69.91,35.0,25.0,0.292
857.8574406002501,69.444,35.0,25.0,0.2761
858.3576490204251,69.715,35.0,25.0,0.2611
858.8578574406002,69.835,35.0,25.0,0.2469
859.3580658607754,70.456,35.0,25.0,0.2335
859.8582742809504,70.757,35.0,25.0,0.2208
860.3584827011255,70.407,35.0,25.0,0.2088
860.8586911213006,70.49,35.0,25.0,0.1975
861.3588995414756,70.643,35.0,25.0,0.1867
861.8591079616507,71.004,35.0,25.0,0.1766
862.3593163818258,70.565,35.0,25.0,0.167
862.8595248020008,70.936,35.0,25.0,0.1579
863.3597332221759,71.195,35.0,25.0,0.1493
863.8599416423509,71.147,35.0,25.0,0.1412
864.360150062526,71.136,35.0,25.0,0.1335
864.8603584827011,71.402,35.0,25.0,0.1263
865.3605669028761,70.535,35.0,25.0,0.1194
865.8607753230513,71.437,35.0,25.0,0.1129
866.3609837432264,71.157,35.0,25.0,0.1068
866.8611921634014,70.914,35.0,25.0,0.101
867.3614005835765,71.547,35.0,25.0,0.0955
867.8616090037516,71.808,35.0,25.0,0.0903
868.3618174239266,71.473,35.0,25.0,0.0854
868.8620258441017,71.786,35.0,25.0,0.0808
869.3622342642768,71.989,35.0,25.0,0.0764
869.8624426844518,71.95,35.0,25.0,0.0722
870.3626511046269,72.066,35.0,25.0,0.0683
870.862859524802,71.874,35.0,25.0,0.0646
871.363067944977,71.738,35.0,25.0,0.0611
871.8632763651522,71.347,35.0,25.0,0.0578
872.3634847853272,71.713,35.0,25.0,0.0546
872.8636932055023,71.59,35.0,25.0,0.0516
873.3639016256774,72.368,35.0,25.0,0.0488
873.8641100458524,71.804,35.0,25.0,0.0462
874.3643184660275,76.303,95.0,25.0,8.848
874.8645268862026,80.594,95.0,25.0,8.3672
875.3647353063776,84.423,95.0,25.0,7.9124
875.8649437265527,88.577,95.0,25.0,7.4824
876.3651521467278,91.535,95.0,25.0,7.0757
876.8653605669028,95.085,95.0,25.0,6.6912
877.365568987078,98.015,95.0,25.0,6.3275
877.8657774072531,100.862,95.0,25.0,5.9836
878.3659858274281,103.869,95.0,25.0,5.6585
878.8661942476032,106.688,95.0,25.0,5.3509
879.3664026677783,109.12,95.0,25.0,5.0601
879.8666110879533,111.446,95.0,25.0,4.7851
880.3668195081284,113.53,95.0,25.0,4.525
880.8670279283034,116.001,95.0,25.0,4.2791
881.3672363484785,117.669,95.0,25.0,4.0466
881.8674447686536,120.148,95.0,25.0,3.8266
882.3676531888286,121.788,95.0,25.0,3.6187
882.8678616090037,123.114,95.0,25.0,3.422
883.3680700291789,125.019,95.0,25.0,3.236
883.8682784493539,126.439,95.0,25.0,3.0602
884.368486869529,128.153,95.0,25.0,2.8938
884.8686952897041,129.777,95.0,25.0,2.7366
885.3689037098791,130.267,95.0,25.0,2.5878
885.8691121300542,131.988,95.0,25.0,2.4472
886.3693205502293,133.076,95.0,25.0,2.3142
886.8695289704043,134.379,95.0,25.0,2.1884
887.3697373905794,135.299,95.0,25.0,2.0695
887.8699458107545,136.036,95.0,25.0,1.957
888.3701542309295,137.07,95.0,25.0,1.8507
888.8703626511046,137.825,95.0,25.0,1.7501
889.3705710712796,139.121,95.0,25.0,1.655
889.8707794914548,139.64,95.0,25.0,1.565
890.3709879116299,140.85,95.0,25.0,1.48
890.8711963318049,141.059,95.0,25.0,1.3995
891.37140475198,141.559,95.0,25.0,1.3235
891.8716131721551,141.983,95.0,25.0,1.2515
892.3718215923301,142.503,95.0,25.0,1.1835
892.8720300125052,143.117,95.0,25.0,1.1192
893.3722384326803,144.109,95.0,25.0,1.0584
893.8724468528553,144.67,95.0,25.0,1.0009
894.3726552730304,144.62,95.0,25.0,0.9465
894.8728636932055,145.687,95.0,25.0,0.895
895.3730721133805,145.766,95.0,25.0,0.8464
895.8732805335557,146.323,95.0,25.0,0.8004
896.3734889537307,147.068,95.0,25.0,0.7569
896.8736973739058,147.247,95.0,25.0,0.7157
897.3739057940809,147.294,95.0,25.0,0.6768
897.8741142142559,147.459,95.0,25.0,0.6401
898.374322634431,147.446,95.0,25.0,0.6053
898.8745310546061,148.09,95.0,25.0,0.5724
899.3747394747811,148.488,95.0,25.0,0.5413
899.8749478949562,148.55,95.0,25.0,0.5119
900.3751563151313,149.006,95.0,25.0,0.484
900.8753647353063,149.287,95.0,25.0,0.4577
901.3755731554814,149.428,95.0,25.0,0.4329
901.8757815756566,149.526,95.0,25.0,0.4093
902.3759899958316,149.925,95.0,25.0,0.3871
902.8761984160067,150.176,95.0,25.0,0.366
903.3764068361818,149.966,95.0,25.0,0.3462
903.8766152563568,150.755,95.0,25.0,0.3273
904.3768236765319,148.698,70.0,25.0,-3.3589
904.8770320967069,147.139,70.0,25.0,-3.1764
905.377240516882,145.81,70.0,25.0,-3.0037
905.8774489370571,144.271,70.0,25.0,-2.8405
906.3776573572321,143.108,70.0,25.0,-2.6861
906.8778657774072,141.671,70.0,25.0,-2.5401
907.3780741975824,140.245,70.0,25.0,-2.4021
907.8782826177573,139.353,70.0,25.0,-2.2715
908.3784910379325,137.902,70.0,25.0,-2.1481
908.8786994581076,137.2,70.0,25.0,-2.0313
909.3789078782826,136.204,70.0,25.0,-1.9209
909.8791162984577,135.252,70.0,25.0,-1.8165
910.3793247186328,134.413,70.0,25.0,-1.7178
910.8795331388078,133.162,70.0,25.0,-1.6245
911.3797415589829,132.728,70.0,25.0,-1.5362
911.879949979158,132.162,70.0,25.0,-1.4527
912.380158399333,131.491,70.0,25.0,-1.3737
912.8803668195081,130.545,70.0,25.0,-1.2991
913.3805752396831,130.504,70.0,25.0,-1.2285
913.8807836598583,129.39,70.0,25.0,-1.1617
914.3809920800334,129.3,70.0,25.0,-1.0986
914.8812005002084,128.645,70.0,25.0,-1.0389
915.3814089203835,127.885,70.0,25.0,-0.9824
915.8816173405586,128.026,70.0,25.0,-0.929
916.3818257607336,126.845,70.0,25.0,-0.8785
916.8820341809087,126.958,70.0,25.0,-0.8308
917.3822426010838,126.585,70.0,25.0,-0.7856
917.8824510212588,125.796,70.0,25.0,-0.7429
918.3826594414339,125.96,70.0,25.0,-0.7026
918.882867861609,125.218,70.0,25.0,-0.6644
919.383076281784,125.038,70.0,25.0,-0.6283
919.8832847019592,124.734,70.0,25.0,-0.5941
920.3834931221343,124.354,70.0,25.0,-0.5618
920.8837015423093,124.325,70.0,25.0,-0.5313
921.3839099624844,124.069,70.0,25.0,-0.5024
921.8841183826594,123.196,70.0,25.0,-0.4751
922.3843268028345,123.735,70.0,25.0,-0.4493
922.8845352230096,122.781,70.0,25.0,-0.4249
923.3847436431846,123.254,70.0,25.0,-0.4018
923.8849520633597,123.087,70.0,25.0,-0.3799
924.3851604835348,122.353,70.0,25.0,-0.3593
924.8853689037098,122.353,70.0,25.0,-0.3398
925.385577323885,122.019,70.0,25.0,-0.3213
925.8857857440601,122.09,70.0,25.0,-0.3038
926.3859941642351,121.923,70.0,25.0,-0.2873
926.8862025844102,122.059,70.0,25.0,-0.2717
927.3864110045853,122.063,70.0,25.0,-0.2569
927.8866194247603,121.963,70.0,25.0,-0.243
928.3868278449354,121.359,70.0,25.0,-0.2298
928.8870362651105,121.338,70.0,25.0,-0.2173
929.3872446852855,120.867,70.0,25.0,-0.2055
929.8874531054606,120.989,70.0,25.0,-0.1943
930.3876615256356,121.34,70.0,25.0,-0.1838
930.8878699458107,121.416,70.0,25.0,-0.1738
931.3880783659858,120.621,70.0,25.0,-0.1643
931.8882867861608,120.704,70.0,25.0,-0.1554
932.388495206336,120.772,70.0,25.0,-0.1469
932.8887036265111,120.779,70.0,25.0,-0.139
933.3889120466861,120.441,70.0,25.0,-0.1314
933.8891204668612,120.687,70.0,25.0,-0.1243
934.3893288870363,115.268,0.0,25.0,-10.3893
934.8895373072113,110.471,0.0,25.0,-9.8246
935.3897457273864,105.965,0.0,25.0,-9.2907
935.8899541475615,101.438,0.0,25.0,-8.7857
936.3901625677365,97.173,0.0,25.0,-8.3083
936.8903709879116,93.326,0.0,25.0,-7.8567
937.3905794080868,89.617,0.0,25.0,-7.4297
937.8907878282618,86.033,0.0,25.0,-7.0259
938.3909962484369,82.739,0.0,25.0,-6.6441
938.8912046686119,80.062,0.0,25.0,-6.283
939.391413088787,76.832,0.0,25.0,-5.9415
939.8916215089621,73.808,0.0,25.0,-5.6186
940.3918299291371,71.4,0.0,25.0,-5.3133
940.8920383493122,68.63,0.0,25.0,-5.0245
941.3922467694873,66.631,0.0,25.0,-4.7514
941.8924551896623,64.183,0.0,25.0,-4.4932
942.3926636098374,61.94,0.0,25.0,-4.249
942.8928720300125,60.069,0.0,25.0,-4.0181
943.3930804501875,57.665,0.0,25.0,-3.7997
943.8932888703627,55.979,0.0,25.0,-3.5932
944.3934972905378,54.263,0.0,25.0,-3.3979
944.8937057107128,52.991,0.0,25.0,-3.2132
945.3939141308879,51.869,0.0,25.0,-3.0386
945.894122551063,50.557,0.0,25.0,-2.8735
946.394330971238,48.8,0.0,25.0,-2.7173
946.8945393914131,47.481,0.0,25.0,-2.5696
947.3947478115881,45.69,0.0,25.0,-2.43
947.8949562317632,44.856,0.0,25.0,-2.2979
948.3951646519383,43.708,0.0,25.0,-2.173
948.8953730721133,42.723,0.0,25.0,-2.0549
949.3955814922884,41.864,0.0,25.0,-1.9432
949.8957899124636,40.869,0.0,25.0,-1.8376
950.3959983326386,39.624,0.0,25.0,-1.7378
950.8962067528137,39.484,0.0,25.0,-1.6433
951.3964151729888,38.252,0.0,25.0,-1.554
951.8966235931638,37.845,0.0,25.0,-1.4695
952.3968320133389,37.609,0.0,25.0,-1.3897
952.897040433514,36.203,0.0,25.0,-1.3142
953.397248853689,35.179,0.0,25.0,-1.2427
953.8974572738641,35.153,0.0,25.0,-1.1752
954.3976656940391,34.944,0.0,25.0,-1.1113
954.8978741142142,34.633,0.0,25.0,-1.0509
955.3980825343893,33.339,0.0,25.0,-0.9938
955.8982909545643,33.3,0.0,25.0,-0.9398
956.3984993747395,32.616,0.0,25.0,-0.8887
956.8987077949146,32.285,0.0,25.0,-0.8404
957.3989162150896,32.575,0.0,25.0,-0.7947
957.8991246352647,31.163,0.0,25.0,-0.7516
958.3993330554398,31.247,0.0,25.0,-0.7107
958.8995414756148,30.964,0.0,25.0,-0.6721
959.3997498957899,30.801,0.0,25.0,-0.6356
959.899958315965,30.253,0.0,25.0,-0.601
960.40016673614,30.022,0.0,25.0,-0.5684
960.9003751563151,29.578,0.0,25.0,-0.5375
961.4005835764902,29.489,0.0,25.0,-0.5083
961.9007919966652,29.096,0.0,25.0,-0.4806
962.4010004168404,29.11,0.0,25.0,-0.4545
962.9012088370154,28.647,0.0,25.0,-0.4298
963.4014172571905,28.63,0.0,25.0,-0.4064
963.9016256773656,28.337,0.0,25.0,-0.3844
964.4018340975406,28.444,0.0,25.0,-0.3635
964.9020425177157,27.977,0.0,25.0,-0.3437
965.4022509378908,27.385,0.0,25.0,-0.325
965.9024593580658,27.99,0.0,25.0,-0.3074
966.4026677782409,27.302,0.0,25.0,-0.2907
966.902876198416,27.228,0.0,25.0,-0.2749
967.403084618591,27.112,0.0,25.0,-0.2599
967.9032930387662,27.482,0.0,25.0,-0.2458
968.4035014589413,26.488,0.0,25.0,-0.2324
968.9037098791163,27.697,0.0,25.0,-0.2198
969.4039182992914,27.072,0.0,25.0,-0.2079
969.9041267194665,26.766,0.0,25.0,-0.1966
970.4043351396415,26.603,0.0,25.0,-0.1859
970.9045435598166,26.601,0.0,25.0,-0.1758
971.4047519799916,26.576,0.0,25.0,-0.1662
971.9049604001667,26.529,0.0,25.0,-0.1572
972.4051688203418,26.432,0.0,25.0,-0.1487
972.9053772405168,26.245,0.0,25.0,-0.1406
973.4055856606919,26.107,0.0,25.0,-0.1329
973.905794080867,26.056,0.0,25.0,-0.1257
974.406002501042,25.986,0.0,25.0,-0.1189
974.9062109212172,26.261,0.0,25.0,-0.1124
975.4064193413923,26.073,0.0,25.0,-0.1063
975.9066277615673,25.14,0.0,25.0,-0.1005
976.4068361817424,25.991,0.0,25.0,-0.0951
976.9070446019175,25.831,0.0,25.0,-0.0899
977.4072530220925,25.735,0.0,25.0,-0.085
977.9074614422676,25.602,0.0,25.0,-0.0804
978.4076698624427,25.942,0.0,25.0,-0.076
978.9078782826177,25.862,0.0,25.0,-0.0719
979.4080867027928,25.398,0.0,25.0,-0.068
979.9082951229678,25.661,0.0,25.0,-0.0643
980.408503543143,25.286,0.0,25.0,-0.0608
980.9087119633181,25.155,0.0,25.0,-0.0575
981.4089203834931,25.316,0.0,25.0,-0.0544
981.9091288036682,25.663,0.0,25.0,-0.0514
982.4093372238433,25.661,0.0,25.0,-0.0486
982.9095456440183,25.528,0.0,25.0,-0.046
983.4097540641934,25.56,0.0,25.0,-0.0435
983.9099624843685,25.487,0.0,25.0,-0.0411
984.4101709045435,25.178,0.0,25.0,-0.0389
984.9103793247186,25.428,0.0,25.0,-0.0368
985.4105877448937,25.503,0.0,25.0,-0.0348
985.9107961650687,25.475,0.0,25.0,-0.0329
986.4110045852439,25.568,0.0,25.0,-0.0311
986.911213005419,25.433,0.0,25.0,-0.0294
987.411421425594,25.33,0.0,25.0,-0.0278
987.9116298457691,25.496,0.0,25.0,-0.0263
988.4118382659441,25.21,0.0,25.0,-0.0249
988.9120466861192,24.984,0.0,25.0,-0.0235
989.4122551062943,25.153,0.0,25.0,-0.0222
989.9124635264693,24.997,0.0,25.0,-0.021
990.4126719466444,25.004,0.0,25.0,-0.0199
990.9128803668195,25.127,0.0,25.0,-0.0188
991.4130887869945,24.957,0.0,25.0,-0.0178
991.9132972071696,25.069,0.0,25.0,-0.0168
992.4135056273448,24.665,0.0,25.0,-0.0159
992.9137140475198,25.184,0.0,25.0,-0.015
993.4139224676949,25.124,0.0,25.0,-0.0142
993.91413088787,24.913,0.0,25.0,-0.0134
994.414339308045,28.577,45.0,25.0,6.5905
994.9145477282201,31.763,45.0,25.0,6.2324
995.4147561483952,34.073,45.0,25.0,5.8936
995.9149645685702,37.071,45.0,25.0,5.5733
996.4151729887453,39.705,45.0,25.0,5.2704
996.9153814089203,42.154,45.0,25.0,4.984
997.4155898290954,44.953,45.0,25.0,4.7131
997.9157982492706,46.926,45.0,25.0,4.457
998.4160066694456,49.015,45.0,25.0,4.2148
998.9162150896207,50.573,45.0,25.0,3.9857
999.4164235097958,53.118,45.0,25.0,3.7691
999.9166319299708,54.431,45.0,25.0,3.5642
1000.4168403501459,56.441,45.0,25.0,3.3705
1000.917048770321,58.089,45.0,25.0,3.1874
1001.417257190496,59.867,45.0,25.0,3.0141
1001.9174656106711,60.625,45.0,25.0,2.8503
1002.4176740308462,61.545,45.0,25.0,2.6954
1002.9178824510212,63.62,45.0,25.0,2.5489
1003.4180908711963,65.23,45.0,25.0,2.4104
1003.9182992913713,66.229,45.0,25.0,2.2794
1004.4185077115465,67.049,45.0,25.0,2.1555
1004.9187161317216,67.893,45.0,25.0,2.0384
1005.4189245518966,69.182,45.0,25.0,1.9276
1005.9191329720717,69.648,45.0,25.0,1.8228
1006.4193413922468,70.872,45.0,25.0,1.7238
1006.9195498124218,71.695,45.0,25.0,1.6301
1007.4197582325969,72.604,45.0,25.0,1.5415
1007.919966652772,73.758,45.0,25.0,1.4577
1008.420175072947,73.855,45.0,25.0,1.3785
1008.9203834931221,74.282,45.0,25.0,1.3036
1009.4205919132972,75.019,45.0,25.0,1.2327
1009.9208003334722,75.166,45.0,25.0,1.1657
1010.4210087536474,75.986,45.0,25.0,1.1024
1010.9212171738225,76.578,45.0,25.0,1.0425
1011.4214255939975,77.042,45.0,25.0,0.9858
1011.9216340141726,77.678,45.0,25.0,0.9322
1012.4218424343476,77.875,45.0,25.0,0.8816
1012.9220508545227,78.777,45.0,25.0,0.8337
1013.4222592746978,78.891,45.0,25.0,0.7883
1013.9224676948728,79.262,45.0,25.0,0.7455
1014.4226761150479,79.535,45.0,25.0,0.705
1014.922884535223,79.989,45.0,25.0,0.6667
1015.423092955398,80.471,45.0,25.0,0.6304
1015.9233013755731,80.347,45.0,25.0,0.5962
1016.4235097957483,80.681,45.0,25.0,0.5638
1016.9237182159233,81.036,45.0,25.0,0.5331
1017.4239266360984,81.027,45.0,25.0,0.5042
1017.9241350562735,81.397,45.0,25.0,0.4768
1018.4243434764485,81.709,45.0,25.0,0.4508
1018.9245518966236,82.259,45.0,25.0,0.4263
1019.4247603167987,82.308,45.0,25.0,0.4032
1019.9249687369737,82.481,45.0,25.0,0.3813
1020.4251771571488,82.826,45.0,25.0,0.3605
1020.9253855773238,82.749,45.0,25.0,0.3409
1021.4255939974989,83.043,45.0,25.0,0.3224
1021.925802417674,83.072,45.0,25.0,0.3049
1022.426010837849,83.308,45.0,25.0,0.2883
1022.9262192580242,83.232,45.0,25.0,0.2727
1023.4264276781993,82.897,45.0,25.0,0.2578
1023.9266360983743,83.595,45.0,25.0,0.2438
1024.4268445185494,84.1,45.0,25.0,0.2306
1024.9270529387245,84.085,45.0,25.0,0.218
1025.4272613588996,84.197,45.0,25.0,0.2062
1025.9274697790745,84.363,45.0,25.0,0.195
1026.4276781992496,84.168,45.0,25.0,0.1844
1026.9278866194247,84.282,45.0,25.0,0.1744
1027.4280950395998,84.161,45.0,25.0,0.1649
1027.928303459775,84.314,45.0,25.0,0.1559
1028.42851187995,84.621,45.0,25.0,0.1475
1028.928720300125,84.838,45.0,25.0,0.1394
1029.4289287203,84.568,45.0,25.0,0.1319
1029.9291371404752,84.553,45.0,25.0,0.1247
1030.4293455606503,84.724,45.0,25.0,0.1179
1030.9295539808254,84.93,45.0,25.0,0.1115
1031.4297624010005,84.472,45.0,25.0,0.1055
1031.9299708211754,84.308,45.0,25.0,0.0997
1032.4301792413505,84.792,45.0,25.0,0.0943
1032.9303876615256,84.669,45.0,25.0,0.0892
1033.4305960817007,84.889,45.0,25.0,0.0843
1033.9308045018759,85.019,45.0,25.0,0.0797
1034.4310129220507,84.981,45.0,25.0,0.0754
1034.9312213422259,85.493,45.0,25.0,0.0713
1035.431429762401,85.245,45.0,25.0,0.0674
1035.931638182576,85.27,45.0,25.0,0.0638
1036.4318466027512,85.381,45.0,25.0,0.0603
1036.9320550229263,84.969,45.0,25.0,0.057
1037.4322634431012,85.541,45.0,25.0,0.0539
1037.9324718632763,85.287,45.0,25.0,0.051
1038.4326802834514,85.498,45.0,25.0,0.0482
1038.9328887036265,85.085,45.0,25.0,0.0456
1039.4330971238016,84.986,45.0,25.0,0.0431
1039.9333055439768,85.6,45.0,25.0,0.0408
1040.4335139641516,85.509,45.0,25.0,0.0386
1040.9337223843268,85.207,45.0,25.0,0.0365
1041.4339308045019,85.233,45.0,25.0,0.0345
1041.934139224677,85.748,45.0,25.0,0.0326
1042.434347644852,85.184,45.0,25.0,0.0308
1042.934556065027,85.907,45.0,25.0,0.0292
1043.434764485202,85.285,45.0,25.0,0.0276
1043.9349729053772,85.683,45.0,25.0,0.0261
1044.4351813255523,85.453,45.0,25.0,0.0247
1044.9353897457274,85.698,45.0,25.0,0.0233
1045.4355981659025,85.422,45.0,25.0,0.0221
1045.9358065860774,85.528,45.0,25.0,0.0209
1046.4360150062525,85.589,45.0,25.0,0.0197
1046.9362234264277,85.337,45.0,25.0,0.0187
1047.4364318466028,85.782,45.0,25.0,0.0176
1047.9366402667779,85.477,45.0,25.0,0.0167
1048.436848686953,85.556,45.0,25.0,0.0158
1048.9370571071279,85.372,45.0,25.0,0.0149
1049.437265527303,84.987,45.0,25.0,0.0141
1049.937473947478,85.586,45.0,25.0,0.0133
1050.4376823676532,86.243,45.0,25.0,0.0126
1050.9378907878283,85.842,45.0,25.0,0.0119
1051.4380992080032,85.647,45.0,25.0,0.0113
1051.9383076281783,85.591,45.0,25.0,0.0107
1052.4385160483534,85.668,45.0,25.0,0.0101
1052.9387244685286,85.804,45.0,25.0,0.0095
1053.4389328887037,85.376,45.0,25.0,0.009
1053.9391413088788,85.954,45.0,25.0,0.0085
1054.4393497290537,88.427,80.0,25.0,5.1439
1054.9395581492288,90.859,80.0,25.0,4.8644
1055.439766569404,93.09,80.0,25.0,4.6
1055.939974989579,95.16,80.0,25.0,4.35
1056.4401834097541,97.38,80.0,25.0,4.1136
1056.9403918299292,99.305,80.0,25.0,3.89
1057.4406002501041,100.908,80.0,25.0,3.6786
1057.9408086702792,102.592,80.0,25.0,3.4787
1058.4410170904544,104.406,80.0,25.0,3.2896
1058.9412255106295,106.323,80.0,25.0,3.1108
1059.4414339308046,107.097,80.0,25.0,2.9418
1059.9416423509795,108.431,80.0,25.0,2.7819
1060.4418507711546,110.154,80.0,25.0,2.6307
1060.9420591913297,111.369,80.0,25.0,2.4877
1061.4422676115048,112.576,80.0,25.0,2.3525
1061.94247603168,113.706,80.0,25.0,2.2247
1062.442684451855,114.641,80.0,25.0,2.1038
1062.94289287203,116.064,80.0,25.0,1.9894
1063.443101292205,116.232,80.0,25.0,1.8813
1063.9433097123801,117.315,80.0,25.0,1.7791
1064.4435181325553,118.337,80.0,25.0,1.6824
1064.9437265527304,118.748,80.0,25.0,1.5909
1065.4439349729055,119.867,80.0,25.0,1.5045
1065.9441433930804,121.038,80.0,25.0,1.4227
1066.4443518132555,121.3,80.0,25.0,1.3454
1066.9445602334306,121.989,80.0,25.0,1.2723
1067.4447686536057,122.218,80.0,25.0,1.2031
1067.9449770737808,122.948,80.0,25.0,1.1377
1068.4451854939557,123.546,80.0,25.0,1.0759
1068.9453939141308,124.069,80.0,25.0,1.0174
1069.445602334306,124.95,80.0,25.0,0.9621
1069.945810754481,125.224,80.0,25.0,0.9098
1070.4460191746562,125.237,80.0,25.0,0.8604
1070.9462275948313,125.983,80.0,25.0,0.8136
1071.4464360150062,126.431,80.0,25.0,0.7694
1071.9466444351813,126.955,80.0,25.0,0.7276
1072.4468528553564,127.409,80.0,25.0,0.6881
1072.9470612755315,127.085,80.0,25.0,0.6507
1073.4472696957066,127.444,80.0,25.0,0.6153
1073.9474781158817,127.623,80.0,25.0,0.5819
1074.4476865360566,128.154,80.0,25.0,0.5502
1074.9478949562317,128.59,80.0,25.0,0.5203
1075.4481033764068,128.966,80.0,25.0,0.4921
1075.948311796582,128.933,80.0,25.0,0.4653
1076.448520216757,129.092,80.0,25.0,0.44
1076.948728636932,129.418,80.0,25.0,0.4161
1077.448937057107,129.368,80.0,25.0,0.3935
1077.9491454772822,130.285,80.0,25.0,0.3721
1078.4493538974573,129.537,80.0,25.0,0.3519
1078.9495623176324,130.151,80.0,25.0,0.3328
1079.4497707378075,130.768,80.0,25.0,0.3147
1079.9499791579824,130.413,80.0,25.0,0.2976
1080.4501875781575,130.504,80.0,25.0,0.2814
1080.9503959983326,130.595,80.0,25.0,0.2661
1081.4506044185077,130.766,80.0,25.0,0.2516
1081.9508128386829,131.273,80.0,25.0,0.238
1082.4510212588577,130.489,80.0,25.0,0.225
1082.9512296790328,131.532,80.0,25.0,0.2128
1083.451438099208,130.893,80.0,25.0,0.2012
1083.951646519383,131.278,80.0,25.0,0.1903
1084.4518549395582,127.292,25.0,25.0,-7.8907
1084.9520633597333,123.815,25.0,25.0,-7.4618
1085.4522717799082,119.74,25.0,25.0,-7.0563
1085.9524802000833,116.919,25.0,25.0,-6.6728
1086.4526886202584,114.155,25.0,25.0,-6.3102
1086.9528970404335,110.324,25.0,25.0,-5.9672
1087.4531054606086,107.891,25.0,25.0,-5.6429
1087.9533138807838,105.01,25.0,25.0,-5.3362
1088.4535223009586,102.759,25.0,25.0,-5.0462
1088.9537307211338,100.271,25.0,25.0,-4.772
1089.4539391413089,97.849,25.0,25.0,-4.5126
1089.954147561484,95.998,25.0,25.0,-4.2674
1090.454355981659,94.31,25.0,25.0,-4.0355
1090.954564401834,91.903,25.0,25.0,-3.8161
1091.454772822009,90.326,25.0,25.0,-3.6087
1091.9549812421842,88.116,25.0,25.0,-3.4126
1092.4551896623593,86.587,25.0,25.0,-3.2271
1092.9553980825344,85.418,25.0,25.0,-3.0518
1093.4556065027095,84.228,25.0,25.0,-2.8859
1093.9558149228844,82.582,25.0,25.0,-2.7291
1094.4560233430595,81.124,25.0,25.0,-2.5807
1094.9562317632347,79.982,25.0,25.0,-2.4405
1095.4564401834098,78.516,25.0,25.0,-2.3078
1095.9566486035849,77.888,25.0,25.0,-2.1824
1096.45685702376,76.926,25.0,25.0,-2.0638
1096.9570654439349,75.616,25.0,25.0,-1.9516
1097.45727386411,74.689,25.0,25.0,-1.8456
1097.957482284285,74.0,25.0,25.0,-1.7453
1098.4576907044602,72.999,25.0,25.0,-1.6504
1098.9578991246353,72.312,25.0,25.0,-1.5607
1099.4581075448102,72.115,25.0,25.0,-1.4759
1099.9583159649853,70.831,25.0,25.0,-1.3957
1100.4585243851604,70.143,25.0,25.0,-1.3198
1100.9587328053356,69.447,25.0,25.0,-1.2481
1101.4589412255107,69.204,25.0,25.0,-1.1803
1101.9591496456858,68.415,25.0,25.0,-1.1161
1102.4593580658607,67.77,25.0,25.0,-1.0555
1102.9595664860358,67.764,25.0,25.0,-0.9981
1103.459774906211,67.317,25.0,25.0,-0.9439
1103.959983326386,66.365,25.0,25.0,-0.8926
1104.4601917465611,65.627,25.0,25.0,-0.8441
1104.9604001667362,65.946,25.0,25.0,-0.7982
1105.4606085869111,65.146,25.0,25.0,-0.7548
1105.9608170070862,65.158,25.0,25.0,-0.7138
1106.4610254272613,64.13,25.0,25.0,-0.675
1106.9612338474365,64.526,25.0,25.0,-0.6383
1107.4614422676116,63.699,25.0,25.0,-0.6036
1107.9616506877865,63.899,25.0,25.0,-0.5708
1108.4618591079616,63.45,25.0,25.0,-0.5398
1108.9620675281367,62.952,25.0,25.0,-0.5105
1109.4622759483118,62.848,25.0,25.0,-0.4827
1109.962484368487,62.893,25.0,25.0,-0.4565
1110.462692788662,62.532,25.0,25.0,-0.4317
1110.962901208837,62.448,25.0,25.0,-0.4082
1111.463109629012,62.603,25.0,25.0,-0.386
1111.9633180491871,61.535,25.0,25.0,-0.365
1112.4635264693623,62.158,25.0,25.0,-0.3452
1112.9637348895374,61.616,25.0,25.0,-0.3264
1113.4639433097125,61.211,25.0,25.0,-0.3087
1113.9641517298874,60.957,25.0,25.0,-0.2919
1114.4643601500625,64.406,70.0,25.0,6.3272
1114.9645685702376,67.675,70.0,25.0,5.9833
1115.4647769904127,70.242,70.0,25.0,5.6582
1115.9649854105878,73.327,70.0,25.0,5.3506
1116.4651938307627,75.117,70.0,25.0,5.0598
1116.9654022509378,77.869,70.0,25.0,4.7849
1117.465610671113,79.821,70.0,25.0,4.5248
1117.965819091288,82.365,70.0,25.0,4.2789
1118.4660275114632,84.519,70.0,25.0,4.0463
1118.9662359316383,86.105,70.0,25.0,3.8264
1119.4664443518132,87.368,70.0,25.0,3.6185
1119.9666527719883,89.78,70.0,25.0,3.4218
1120.4668611921634,91.457,70.0,25.0,3.2359
1120.9670696123385,92.979,70.0,25.0,3.06
1121.4672780325136,94.634,70.0,25.0,2.8937
1121.9674864526887,95.425,70.0,25.0,2.7364
1122.4676948728636,97.157,70.0,25.0,2.5877
1122.9679032930387,98.509,70.0,25.0,2.4471
1123.4681117132138,98.923,70.0,25.0,2.3141
1123.968320133389,100.542,70.0,25.0,2.1883
1124.468528553564,101.37,70.0,25.0,2.0694
1124.968736973739,102.454,70.0,25.0,1.9569
1125.468945393914,103.487,70.0,25.0,1.8506
1125.9691538140892,104.153,70.0,25.0,1.75
1126.4693622342643,104.934,70.0,25.0,1.6549
1126.9695706544394,105.894,70.0,25.0,1.5649
1127.4697790746145,106.353,70.0,25.0,1.4799
1127.9699874947894,107.053,70.0,25.0,1.3995
1128.4701959149645,108.156,70.0,25.0,1.3234
1128.9704043351396,108.325,70.0,25.0,1.2515
1129.4706127553147,109.37,70.0,25.0,1.1835
1129.9708211754898,109.879,70.0,25.0,1.1191
1130.471029595665,109.861,70.0,25.0,1.0583
1130.9712380158398,110.624,70.0,25.0,1.0008
1131.471446436015,111.565,70.0,25.0,0.9464
1131.97165485619,111.468,70.0,25.0,0.895
1132.4718632763652,112.021,70.0,25.0,0.8463
1132.9720716965403,112.653,70.0,25.0,0.8003
1133.4722801167152,113.111,70.0,25.0,0.7568
1133.9724885368903,113.21,70.0,25.0,0.7157
1134.4726969570654,113.462,70.0,25.0,0.6768
1134.9729053772405,114.287,70.0,25.0,0.64
1135.4731137974156,114.669,70.0,25.0,0.6052
1135.9733222175907,114.765,70.0,25.0,0.5724
1136.4735306377656,114.812,70.0,25.0,0.5412
1136.9737390579407,114.845,70.0,25.0,0.5118
1137.4739474781159,115.081,70.0,25.0,0.484
1137.974155898291,115.649,70.0,25.0,0.4577
1138.474364318466,115.839,70.0,25.0,0.4328
1138.9745727386412,116.289,70.0,25.0,0.4093
1139.474781158816,116.295,70.0,25.0,0.3871
1139.9749895789912,115.94,70.0,25.0,0.366
1140.4751979991663,116.752,70.0,25.0,0.3461
1140.9754064193414,116.403,70.0,25.0,0.3273
1141.4756148395165,116.711,70.0,25.0,0.3095
1141.9758232596914,117.016,70.0,25.0,0.2927
1142.4760316798665,117.591,70.0,25.0,0.2768
1142.9762401000417,118.0,70.0,25.0,0.2618
1143.4764485202168,117.498,70.0,25.0,0.2475
1143.9766569403919,117.418,70.0,25.0,0.2341
1144.476865360567,117.708,70.0,25.0,0.2214
1144.9770737807419,117.901,70.0,25.0,0.2093
1145.477282200917,117.698,70.0,25.0,0.198
1145.977490621092,118.32,70.0,25.0,0.1872
1146.4776990412672,118.017,70.0,25.0,0.177
1146.9779074614423,118.168,70.0,25.0,0.1674
1147.4781158816174,118.289,70.0,25.0,0.1583
1147.9783243017923,118.303,70.0,25.0,0.1497
1148.4785327219674,118.478,70.0,25.0,0.1416
1148.9787411421426,118.181,70.0,25.0,0.1339
1149.4789495623177,118.259,70.0,25.0,0.1266
1149.9791579824928,118.183,70.0,25.0,0.1197
1150.4793664026677,118.625,70.0,25.0,0.1132
1150.9795748228428,118.763,70.0,25.0,0.1071
1151.479783243018,118.734,70.0,25.0,0.1012
1151.979991663193,119.086,70.0,25.0,0.0957
1152.4802000833681,118.711,70.0,25.0,0.0905
1152.9804085035432,118.922,70.0,25.0,0.0856
1153.4806169237181,118.523,70.0,25.0,0.081
1153.9808253438932,118.737,70.0,25.0,0.0766
1154.4810337640683,119.044,70.0,25.0,0.0724
1154.9812421842435,119.117,70.0,25.0,0.0685
1155.4814506044186,118.863,70.0,25.0,0.0647
1155.9816590245937,118.949,70.0,25.0,0.0612
1156.4818674447686,118.617,70.0,25.0,0.0579
1156.9820758649437,118.934,70.0,25.0,0.0547
1157.4822842851188,119.272,70.0,25.0,0.0518
1157.982492705294,119.218,70.0,25.0,0.049
1158.482701125469,119.222,70.0,25.0,0.0463
1158.982909545644,119.132,70.0,25.0,0.0438
1159.483117965819,119.142,70.0,25.0,0.0414
1159.9833263859941,118.994,70.0,25.0,0.0392
1160.4835348061692,119.353,70.0,25.0,0.037
1160.9837432263444,119.301,70.0,25.0,0.035
1161.4839516465195,119.335,70.0,25.0,0.0331
1161.9841600666944,119.096,70.0,25.0,0.0313
1162.4843684868695,118.704,70.0,25.0,0.0296
1162.9845769070446,119.531,70.0,25.0,0.028
1163.4847853272197,119.15,70.0,25.0,0.0265
1163.9849937473948,119.066,70.0,25.0,0.025
1164.48520216757,119.467,70.0,25.0,0.0237
1164.9854105877448,119.207,70.0,25.0,0.0224
1165.48561900792,119.581,70.0,25.0,0.0212
1165.985827428095,119.48,70.0,25.0,0.02
1166.4860358482701,119.506,70.0,25.0,0.0189
1166.9862442684453,119.003,70.0,25.0,0.0179
1167.4864526886201,119.656,70.0,25.0,0.0169
1167.9866611087953,119.426,70.0,25.0,0.016
1168.4868695289704,119.276,70.0,25.0,0.0151
1168.9870779491455,119.411,70.0,25.0,0.0143
1169.4872863693206,118.938,70.0,25.0,0.0135
1169.9874947894957,119.491,70.0,25.0,0.0128
1170.4877032096706,119.137,70.0,25.0,0.0121
1170.9879116298457,119.062,70.0,25.0,0.0115
1171.4881200500208,119.025,70.0,25.0,0.0108
1171.988328470196,119.689,70.0,25.0,0.0102
1172.488536890371,119.258,70.0,25.0,0.0097
1172.9887453105462,119.804,70.0,25.0,0.0092
1173.488953730721,119.291,70.0,25.0,0.0087
1173.9891621508962,119.002,70.0,25.0,0.0082
1174.4893705710713,119.887,80.0,25.0,1.4751
1174.9895789912464,121.173,80.0,25.0,1.395
1175.4897874114215,121.484,80.0,25.0,1.3192
1175.9899958315964,122.01,80.0,25.0,1.2475
1176.4902042517715,122.777,80.0,25.0,1.1797
1176.9904126719466,123.42,80.0,25.0,1.1156
1177.4906210921217,124.102,80.0,25.0,1.0549
1177.9908295122968,124.683,80.0,25.0,0.9976
1178.491037932472,124.703,80.0,25.0,0.9434
1178.9912463526468,124.907,80.0,25.0,0.8921
1179.491454772822,125.557,80.0,25.0,0.8436
1179.991663192997,126.124,80.0,25.0,0.7978
1180.4918716131722,126.196,80.0,25.0,0.7544
1180.9920800333473,126.554,80.0,25.0,0.7134
1181.4922884535222,127.217,80.0,25.0,0.6746
1181.9924968736973,127.437,80.0,25.0,0.638
1182.4927052938724,127.759,80.0,25.0,0.6033
1182.9929137140475,127.847,80.0,25.0,0.5705
1183.4931221342226,128.249,80.0,25.0,0.5395
1183.9933305543977,128.33,80.0,25.0,0.5102
1184.4935389745726,129.025,80.0,25.0,0.4825
1184.9937473947477,129.29,80.0,25.0,0.4562
1185.4939558149229,128.785,80.0,25.0,0.4314
1185.994164235098,129.218,80.0,25.0,0.408
1186.494372655273,129.269,80.0,25.0,0.3858
1186.9945810754482,129.663,80.0,25.0,0.3649
1187.494789495623,129.977,80.0,25.0,0.345
1187.9949979157982,129.799,80.0,25.0,0.3263
1188.4952063359733,130.085,80.0,25.0,0.3085
1188.9954147561484,130.211,80.0,25.0,0.2918
1189.4956231763235,130.651,80.0,25.0,0.2759
1189.9958315964984,130.747,80.0,25.0,0.2609
1190.4960400166735,130.673,80.0,25.0,0.2467
1190.9962484368486,131.014,80.0,25.0,0.2333
1191.4964568570238,130.944,80.0,25.0,0.2206
1191.9966652771989,131.117,80.0,25.0,0.2087
1192.496873697374,131.702,80.0,25.0,0.1973
1192.9970821175489,131.712,80.0,25.0,0.1866
1193.497290537724,131.14,80.0,25.0,0.1765
1193.997498957899,131.756,80.0,25.0,0.1669
1194.4977073780742,131.83,80.0,25.0,0.1578
1194.9979157982493,131.415,80.0,25.0,0.1492
1195.4981242184244,131.977,80.0,25.0,0.1411
1195.9983326385993,132.224,80.0,25.0,0.1334
1196.4985410587744,131.622,80.0,25.0,0.1262
1196.9987494789495,131.732,80.0,25.0,0.1193
1197.4989578991247,132.273,80.0,25.0,0.1128
1197.9991663192998,132.139,80.0,25.0,0.1067
1198.4993747394747,132.26,80.0,25.0,0.1009
1198.9995831596498,132.255,80.0,25.0,0.0954
1199.499791579825,132.313,80.0,25.0,0.0902
1200.0,131.926,80.0,25.0,0.0853
